# Blender 4.4.0
# www.blender.org
mtllib temp.mtl
o mesh_node
v -0.116211 -0.378906 -0.078125
v -0.000031 -0.021851 0.010376
v 0.067871 -0.285156 -0.134766
v -0.094238 0.259766 0.150391
v -0.085449 -0.101562 0.021851
v 0.168945 0.367188 -0.054932
v 0.052246 -0.357422 0.109863
v -0.137695 0.002396 0.000252
v -0.158203 -0.227539 0.095703
v 0.067383 0.341797 0.010925
v 0.181641 -0.316406 0.047119
v -0.043701 -0.000153 -0.070801
v -0.088379 -0.345703 -0.089844
v 0.124512 0.166016 0.186523
v 0.000626 -0.196289 -0.201172
v -0.179688 0.462891 0.010986
v -0.271484 -0.098145 -0.004669
v -0.000237 0.296875 0.277344
v 0.128906 -0.285156 -0.100586
v -0.041260 0.103516 0.151367
v -0.023071 -0.433594 0.048096
v 0.228516 0.076660 0.010986
v 0.137695 -0.134766 0.030518
v -0.118164 0.330078 -0.107910
v -0.196289 -0.285156 0.009216
v 0.075195 0.136719 -0.195312
v 0.269531 -0.142578 0.042236
v -0.059082 0.460938 -0.035400
v -0.054688 -0.257812 -0.150391
v 0.144531 0.287109 0.053955
v 0.022827 -0.470703 -0.015869
v -0.170898 0.071777 0.184570
v -0.308594 -0.200195 0.016235
v -0.000595 0.316406 -0.117188
v 0.093750 -0.443359 0.075684
v -0.076172 -0.006897 0.036865
v 0.000507 -0.302734 -0.185547
v 0.228516 0.123535 0.074707
v 0.058838 -0.127930 -0.106934
v -0.125977 0.353516 0.095703
v -0.080078 -0.390625 -0.078125
v 0.080078 0.017456 0.167969
v 0.302734 -0.188477 -0.041504
v 0.000950 0.353516 0.007996
v -0.059326 -0.070312 0.117188
v 0.147461 0.500000 -0.011169
v 0.014099 -0.373047 0.014160
v -0.183594 0.227539 -0.096680
v -0.176758 -0.287109 0.072266
v 0.068359 0.283203 -0.035645
v 0.189453 -0.025024 -0.001472
v -0.042236 0.431641 -0.098145
v -0.055420 -0.186523 -0.121582
v 0.145508 0.250000 0.196289
v 0.044189 -0.326172 -0.150391
v -0.162109 -0.105957 -0.067383
v 0.071777 0.458984 0.048096
v 0.200195 -0.289062 0.007751
v -0.020142 0.104980 0.227539
v -0.096191 -0.498047 0.010498
v 0.122559 0.024780 -0.102051
v -0.001625 -0.251953 0.171875
v -0.183594 0.285156 -0.013489
v -0.314453 -0.158203 0.017822
v 0.042969 0.419922 -0.011719
v 0.190430 -0.294922 0.007690
v -0.075195 0.137695 -0.195312
v -0.040527 -0.478516 -0.035400
v 0.124023 0.034912 0.193359
v 0.054932 -0.257812 -0.149414
v -0.143555 0.289062 0.054932
v -0.072754 -0.296875 -0.139648
v 0.108887 0.251953 0.021240
v 0.292969 -0.133789 -0.033203
v -0.037842 0.423828 0.124023
v -0.127930 -0.140625 -0.003357
v 0.113281 0.279297 -0.123535
v 0.024780 -0.431641 0.047607
v -0.222656 0.082031 -0.047852
v -0.187500 -0.332031 0.007874
v 0.057129 0.009521 -0.105469
v 0.165039 -0.116211 0.056152
v -0.041504 0.371094 -0.011414
v -0.000824 -0.198242 -0.227539
v 0.183594 0.466797 0.012756
v 0.126953 -0.292969 -0.092773
v -0.107422 0.206055 0.173828
v -0.184570 -0.239258 -0.044678
v 0.056885 0.279297 0.159180
v 0.118164 -0.345703 -0.087891
v -0.018921 -0.019165 0.121582
v -0.074707 -0.304688 0.157227
v 0.159180 0.239258 0.006226
v 0.056396 -0.030518 0.030884
v -0.181641 0.460938 -0.037842
v -0.298828 -0.212891 -0.008728
v 0.008728 0.088379 0.227539
v 0.125977 -0.141602 -0.093262
v -0.071777 0.441406 0.028687
v -0.035156 -0.316406 0.071777
v 0.178711 0.281250 -0.037354
v 0.059326 -0.500000 0.007019
v -0.076172 0.044434 -0.154297
v -0.137695 -0.043213 0.000992
v 0.076660 0.433594 -0.073242
v 0.285156 -0.201172 0.026367
v -0.056885 0.294922 -0.013855
v -0.021362 -0.339844 -0.145508
v 0.132812 0.007202 0.086426
v 0.083984 -0.100098 -0.025879
v -0.132812 0.251953 0.222656
v -0.245117 -0.171875 -0.052979
v 0.039307 0.343750 0.063965
v 0.101074 -0.351562 -0.064453
v -0.025513 0.071777 0.212891
v -0.020996 -0.367188 0.049072
v 0.210938 0.228516 -0.047363
v 0.061768 -0.070801 0.117188
v -0.127930 0.496094 0.010986
v -0.109375 -0.382812 0.095215
v 0.067871 -0.010742 0.011414
v 0.257812 -0.205078 0.016113
v -0.049805 0.324219 -0.098633
v -0.109863 -0.078125 -0.061035
v 0.109863 0.396484 0.093750
v 0.000240 -0.292969 -0.267578
v -0.241211 0.130859 0.008240
v -0.322266 -0.181641 -0.023804
v -0.000374 0.335938 0.140625
v 0.044189 -0.320312 -0.220703
v -0.106934 0.003235 0.028442
v -0.066406 -0.283203 0.150391
v 0.168945 0.243164 -0.012939
v 0.087402 -0.041260 0.055664
v -0.118652 0.478516 -0.053223
v -0.099609 -0.480469 0.049316
v 0.096680 -0.008850 -0.052246
v 0.160156 -0.227539 0.095215
v -0.066406 0.283203 0.007874
v -0.032471 -0.205078 -0.194336
v 0.133789 0.394531 0.054199
v 0.034668 -0.375000 -0.053955
v -0.174805 0.103516 0.190430
v -0.127930 -0.292969 -0.092773
v 0.040771 0.103516 0.152344
v 0.146484 -0.064941 -0.025391
v -0.043213 0.289062 0.273438
v -0.015869 -0.326172 0.010437
v 0.184570 0.227539 -0.096191
v 0.072754 -0.484375 0.055664
v -0.119629 -0.007996 -0.011841
v -0.118652 -0.024536 0.056641
v 0.080078 0.480469 -0.037109
v 0.271484 -0.213867 -0.007202
v -0.063965 0.236328 -0.178711
v -0.050293 -0.373047 -0.069336
v 0.075684 0.038330 0.202148
v 0.032715 -0.205078 -0.188477
v -0.190430 0.357422 0.011841
v -0.119629 -0.337891 0.106445
v 0.047119 0.023926 0.057617
v 0.172852 -0.159180 0.053467
v -0.058350 0.339844 -0.044678
v -0.041992 -0.041016 -0.085938
v 0.125977 0.351562 0.095215
v 0.063477 -0.291016 -0.165039
v -0.177734 0.265625 0.053223
v -0.064453 -0.255859 -0.223633
v 0.132812 0.306641 0.048340
v 0.150391 -0.416016 -0.031494
v -0.029053 0.000946 0.165039
v -0.052246 -0.376953 0.061523
v 0.194336 0.081055 -0.100586
v 0.064941 -0.111328 0.116211
v -0.144531 0.382812 0.000706
v -0.306641 -0.140625 -0.005280
v 0.058594 0.382812 -0.127930
v 0.176758 -0.287109 0.071777
v -0.058105 0.024048 -0.039062
v -0.000290 -0.351562 -0.162109
v 0.192383 0.039062 0.080566
v 0.157227 -0.151367 -0.038330
v -0.095703 0.265625 0.251953
v -0.181641 -0.289062 -0.030396
v 0.025757 0.119629 0.221680
v 0.168945 -0.054932 -0.063965
v -0.041260 0.460938 0.070312
v -0.121582 -0.145508 0.095703
v 0.150391 0.332031 -0.055664
v 0.017212 -0.462891 0.007568
v -0.195312 0.081543 -0.101074
v -0.314453 -0.204102 -0.002121
v -0.000298 0.191406 -0.206055
v 0.140625 -0.065430 0.062256
v -0.090820 0.496094 -0.013489
v -0.030518 -0.227539 -0.150391
v 0.147461 0.292969 0.054443
v 0.043457 -0.476562 -0.037842
v -0.124023 0.066406 0.216797
v -0.131836 -0.128906 -0.039307
v 0.085449 0.326172 0.129883
v 0.166016 -0.289062 -0.076660
v -0.021606 0.119629 0.129883
v -0.047119 -0.496094 0.033936
v 0.105469 0.002335 -0.028076
v 0.033203 -0.316406 -0.051514
v -0.129883 0.231445 -0.150391
v -0.185547 -0.242188 0.059082
v 0.053711 0.353516 -0.036865
v 0.119629 -0.478516 0.028687
v -0.066406 -0.004700 -0.055420
v -0.017578 -0.326172 -0.122559
v 0.203125 0.110352 0.134766
v 0.026489 -0.208008 -0.238281
v -0.117188 0.427734 0.002396
v -0.065430 -0.289062 -0.203125
v 0.094727 0.009155 0.047363
v 0.322266 -0.182617 -0.024780
v -0.044434 0.330078 0.131836
v -0.087891 -0.040527 0.056641
v 0.115234 0.498047 -0.034912
v 0.025513 -0.306641 0.175781
v -0.215820 0.226562 0.003647
v -0.215820 -0.112793 -0.064941
v 0.000046 0.455078 0.093262
v 0.165039 -0.287109 -0.063477
v -0.059326 0.124512 0.220703
v -0.015625 -0.466797 0.008118
v 0.151367 0.110352 -0.153320
v 0.124512 -0.145508 0.094727
v -0.149414 0.330078 -0.055420
v -0.119141 -0.322266 0.108887
v 0.122559 0.223633 -0.014099
v 0.316406 -0.160156 0.014648
v -0.000015 0.423828 -0.112305
v -0.077148 -0.300781 -0.090820
v 0.130859 0.251953 0.221680
v 0.044922 -0.435547 -0.053223
v -0.177734 0.039551 0.137695
v -0.147461 -0.373047 -0.062500
v 0.018677 0.045898 0.207031
v 0.066895 -0.259766 -0.184570
v -0.091309 0.326172 0.064453
v -0.000175 -0.072754 0.129883
v 0.194336 0.460938 -0.010803
v 0.110840 -0.357422 0.046875
v -0.140625 0.240234 -0.044189
v -0.207031 -0.175781 0.025757
v 0.080566 0.355469 -0.054688
v 0.119629 -0.337891 0.106445
v -0.054443 0.032959 -0.006042
v -0.042480 -0.251953 -0.257812
v 0.134766 0.240234 0.016357
v 0.002411 -0.044434 -0.104004
v -0.160156 0.453125 0.028564
v -0.291016 -0.129883 0.024048
v 0.041260 0.460938 -0.051514
v 0.125977 -0.285156 0.122070
v -0.155273 0.283203 0.001740
v -0.026123 -0.318359 -0.239258
v 0.241211 0.130859 0.007935
v 0.023438 -0.179688 -0.128906
v -0.127930 0.306641 0.093750
v -0.146484 -0.320312 -0.060059
v 0.058838 0.125000 0.221680
v 0.213867 -0.115234 -0.064941
v -0.024048 0.476562 0.006989
v -0.064453 -0.225586 0.152344
v 0.159180 0.332031 0.001129
v 0.024902 -0.472656 0.032959
v -0.193359 0.039307 -0.036865
v -0.132812 -0.439453 0.056396
v 0.054443 -0.008850 0.001343
v 0.229492 -0.198242 -0.005341
v -0.065430 0.275391 -0.143555
v -0.070312 -0.062500 -0.040283
v 0.140625 0.255859 0.209961
v 0.066406 -0.322266 -0.120605
v -0.170898 0.183594 0.136719
v -0.122070 -0.221680 -0.110840
v 0.078125 0.322266 0.111816
v 0.173828 -0.363281 -0.027466
v -0.016602 0.083984 0.221680
v -0.166016 -0.320312 -0.024170
v 0.074219 0.188477 -0.191406
v 0.008118 -0.041748 0.105469
v -0.189453 0.457031 -0.013489
v -0.125977 -0.292969 -0.110352
v 0.066406 0.283203 0.006134
v 0.118164 -0.024902 -0.059326
v -0.070801 0.433594 0.094727
v -0.069824 -0.064453 0.037354
v 0.193359 0.357422 -0.036865
v 0.065918 -0.322266 0.137695
v -0.141602 0.005127 0.013367
v -0.102539 -0.138672 0.121582
v 0.118164 0.425781 0.002106
v 0.292969 -0.212891 0.008362
v -0.000153 0.142578 -0.208984
v -0.045166 -0.435547 -0.052734
v 0.123535 0.015869 0.156250
v 0.018921 -0.249023 -0.271484
v -0.174805 0.275391 0.008606
v -0.285156 -0.211914 -0.023438
v 0.035156 0.167969 0.217773
v 0.113281 -0.394531 -0.076660
v -0.043457 -0.375000 0.079102
v 0.232422 0.127930 -0.049072
v 0.130859 -0.129883 -0.040527
v -0.103027 0.386719 -0.095703
v -0.148438 -0.441406 0.019531
v 0.076660 0.043945 -0.154297
v 0.245117 -0.173828 0.040283
v -0.053711 0.353516 -0.037842
v -0.104980 -0.047607 -0.071289
v 0.105957 0.435547 0.052734
v 0.017944 -0.367188 -0.022705
v -0.167969 0.136719 0.184570
v -0.174805 -0.386719 0.005920
v -0.000938 0.103516 0.237305
v 0.119629 -0.156250 -0.084961
v -0.087891 0.308594 0.105469
v -0.022827 -0.030640 0.107910
v 0.174805 0.488281 -0.010986
v 0.114746 -0.361328 0.013123
v -0.150391 0.265625 -0.107422
v -0.232422 -0.198242 -0.004211
v 0.060303 0.281250 -0.147461
v 0.172852 -0.371094 0.045166
v -0.076172 -0.007446 -0.036377
v -0.031006 -0.316406 -0.129883
v 0.194336 0.158203 0.127930
v 0.070312 -0.063477 -0.041992
v -0.142578 0.255859 0.208984
v -0.055908 -0.224609 -0.208984
v 0.049072 0.425781 0.009644
v 0.147461 -0.322266 -0.060059
v -0.034180 0.097656 0.199219
v -0.028809 -0.492188 0.007568
v 0.221680 0.081543 -0.046875
v 0.119629 -0.320312 0.109863
v -0.121582 0.316406 -0.019165
v -0.126953 -0.298828 0.128906
v 0.090820 0.242188 0.003525
v 0.292969 -0.133789 0.023438
v -0.042969 0.460938 -0.048584
v -0.122559 -0.152344 -0.083008
v 0.093750 0.259766 0.151367
v -0.000740 -0.351562 -0.190430
v -0.219727 0.077637 0.076172
v -0.279297 -0.179688 0.039307
v 0.049561 0.414062 -0.037354
v 0.165039 -0.328125 0.012024
v -0.076172 0.090332 -0.185547
v -0.021240 -0.292969 -0.112793
v 0.167969 0.136719 0.183594
v 0.064941 -0.051270 -0.095703
v -0.114746 0.472656 0.032471
v -0.088379 -0.476562 -0.045898
v 0.054443 0.000961 0.130859
v 0.326172 -0.190430 -0.008728
v -0.000580 0.292969 0.277344
v -0.056396 -0.069824 0.002914
v 0.134766 0.417969 -0.058594
v 0.074707 -0.347656 0.101074
v -0.165039 0.243164 -0.013672
v -0.200195 -0.289062 0.007050
v 0.056641 0.024658 -0.039551
v 0.147461 -0.136719 0.085449
v -0.082031 0.457031 0.002533
v -0.018799 -0.250000 -0.271484
v 0.178711 0.273438 0.002930
v 0.070312 -0.478516 -0.044922
v -0.123047 0.035156 0.193359
v -0.171875 -0.053955 -0.062988
v 0.038086 0.421875 0.124512
v 0.063965 -0.255859 -0.222656
v -0.089844 0.244141 0.004669
v -0.072754 -0.392578 0.090332
v 0.101074 0.016602 0.016968
v 0.057373 -0.061523 0.020752
v -0.189453 0.355469 -0.039062
v -0.166992 -0.294922 0.093262
v 0.000740 0.036865 -0.017090
v 0.163086 -0.093262 0.008362
v -0.078125 0.445312 -0.055176
v -0.026245 -0.257812 -0.122070
v 0.152344 0.245117 0.115723
v 0.026245 -0.318359 -0.239258
v -0.163086 -0.018555 0.032471
v -0.135742 -0.060547 -0.068848
v 0.095215 0.494141 0.011475
v 0.287109 -0.211914 -0.023560
v -0.000740 0.115234 0.230469
v -0.083008 -0.498047 0.032471
v 0.132812 0.009094 -0.047852
v 0.050293 -0.140625 0.142578
v -0.199219 0.367188 -0.013184
v -0.259766 -0.205078 0.017334
v 0.065430 0.332031 -0.142578
v 0.147461 -0.380859 0.077637
v -0.068848 -0.011047 0.010925
v 0.000938 -0.324219 -0.133789
v 0.221680 0.171875 0.069336
v 0.126953 -0.046387 -0.044922
v -0.094727 0.271484 0.255859
v -0.108887 -0.472656 -0.035889
v 0.041260 0.040283 0.193359
v 0.163086 -0.230469 -0.078125
v -0.047607 0.324219 0.108887
v -0.106934 -0.080078 0.053955
v 0.133789 0.386719 -0.051025
v 0.000938 -0.390625 0.009399
v -0.205078 0.129883 -0.105469
v -0.289062 -0.132812 -0.032959
v 0.000362 0.416016 0.132812
v 0.065430 -0.291016 -0.204102
v -0.120117 0.229492 0.005890
v 0.000549 -0.355469 0.123535
v 0.201172 0.035645 0.014526
v 0.157227 -0.152344 0.055176
v -0.150391 0.277344 -0.057617
v -0.189453 -0.294922 0.007385
v 0.120117 0.275391 -0.107422
v 0.233398 -0.073730 0.031250
v -0.000351 0.478516 -0.002060
v -0.024170 -0.225586 -0.259766
v 0.166016 0.359375 0.032227
v 0.020142 -0.324219 -0.123047
v -0.204102 0.107910 0.134766
v -0.121582 -0.339844 -0.087402
v 0.015320 -0.018311 0.125000
v 0.202148 -0.173828 -0.038330
v -0.054443 0.223633 0.194336
v -0.057129 -0.033203 -0.030151
v 0.166992 0.457031 -0.051025
v 0.091797 -0.300781 0.108887
v -0.152344 0.237305 -0.031982
v -0.162109 -0.285156 0.081055
v 0.059082 0.339844 -0.044189
v 0.145508 -0.445312 -0.000732
v -0.061035 -0.040527 -0.091797
v -0.110352 -0.359375 -0.027954
v 0.055664 0.094238 0.225586
v 0.002350 -0.145508 -0.136719
v -0.147461 0.343750 0.056641
v -0.304688 -0.189453 -0.038818
v 0.000359 0.345703 0.074219
v 0.081543 -0.496094 -0.021851
v -0.075684 0.038086 0.201172
v -0.053955 -0.382812 0.009583
v 0.145508 0.181641 -0.155273
v 0.103027 -0.050049 0.078613
v -0.146484 0.498047 -0.013367
v -0.141602 -0.322266 0.081055
v 0.093262 0.017822 -0.020386
v 0.326172 -0.168945 -0.007172
v 0.000465 0.330078 -0.157227
v -0.102051 -0.048828 -0.066406
v 0.088379 0.373047 0.125977
v 0.045654 -0.289062 -0.131836
v -0.208008 0.220703 0.057861
v -0.189453 -0.291016 -0.041992
v 0.026978 0.117188 0.206055
v 0.099121 -0.137695 -0.109375
v -0.069336 0.476562 0.011841
v 0.003082 -0.137695 0.137695
v 0.204102 0.365234 -0.011353
v 0.100098 -0.480469 0.048584
v -0.092285 -0.007477 -0.054199
v -0.168945 -0.114746 0.057129
v 0.102051 0.431641 -0.041992
v 0.140625 -0.294922 0.104004
v -0.063965 0.029541 0.032471
v -0.026367 -0.347656 -0.170898
v 0.117676 -0.018433 0.049805
v 0.022217 -0.292969 -0.113281
v -0.146484 0.250000 0.196289
v -0.144531 -0.439453 -0.022705
v 0.000114 0.093262 -0.201172
v 0.185547 -0.242188 0.058594
v -0.108398 0.308594 -0.083984
v -0.000282 -0.202148 -0.174805
v 0.200195 0.417969 0.013733
v 0.053955 -0.378906 -0.042480
v -0.125977 0.098633 0.222656
v -0.172852 -0.159180 -0.040039
v 0.094727 0.271484 0.255859
v 0.157227 -0.326172 -0.069336
v -0.018311 0.076660 0.127930
v -0.090820 -0.300781 0.109375
v 0.160156 0.239258 -0.031250
v 0.047607 -0.038086 0.004395
v -0.157227 0.486328 -0.038574
v -0.204102 -0.102539 0.058594
v 0.044922 0.470703 0.018188
v 0.161133 -0.320312 0.049805
v -0.118164 0.229492 -0.034912
v -0.021362 -0.435547 -0.027588
v 0.155273 0.038086 0.175781
v 0.055420 -0.233398 -0.173828
v -0.152344 0.279297 0.026978
v -0.051025 -0.287109 -0.240234
v 0.066895 0.028442 0.034668
v 0.249023 -0.175781 -0.053467
v -0.076660 0.324219 0.111328
v -0.180664 -0.287109 0.045654
v 0.108398 0.308594 -0.084473
v 0.043701 -0.476562 0.050537
v -0.202148 0.035889 0.015076
v -0.308594 -0.177734 0.029175
v 0.057373 0.296875 -0.015198
v 0.082031 -0.496094 0.034180
v -0.112793 -0.016846 -0.043213
v -0.052002 -0.359375 -0.091309
v 0.172852 0.103027 0.190430
v 0.028564 -0.202148 -0.215820
v -0.163086 0.359375 0.031250
v -0.044922 -0.318359 -0.220703
v 0.076172 -0.007324 0.036377
v 0.310547 -0.171875 -0.039062
v 0.000259 0.316406 0.133789
v -0.132812 -0.048340 0.035889
v 0.119629 0.482422 -0.050049
v 0.001137 -0.324219 0.149414
v -0.235352 0.183594 0.005432
v -0.271484 -0.214844 -0.007111
v 0.063965 0.236328 -0.178711
v 0.162109 -0.018921 0.032715
v -0.077148 0.480469 -0.038574
v 0.000839 -0.244141 -0.154297
v 0.177734 0.267578 0.053223
v 0.092773 -0.478516 -0.043213
v -0.057617 0.066406 0.220703
v -0.145508 -0.065918 -0.028198
v 0.042969 0.291016 0.271484
v 0.173828 -0.287109 -0.060059
v -0.024048 0.072754 0.151367
v -0.074219 -0.482422 0.055664
v 0.119141 -0.008179 -0.013000
v 0.017334 -0.322266 0.010010
v -0.169922 0.279297 -0.049316
v -0.128906 -0.431641 -0.049561
v 0.029907 0.001877 0.165039
v 0.042725 -0.251953 -0.257812
v -0.108887 0.250000 0.022339
v -0.058594 -0.150391 0.128906
v 0.206055 0.412109 -0.012024
v 0.054688 -0.384766 0.009888
v -0.151367 0.126953 -0.157227
v -0.184570 -0.166016 0.006592
v 0.112793 0.369141 -0.059326
v 0.164062 -0.326172 0.079102
v 0.001015 0.037598 0.024536
v -0.026611 -0.279297 -0.265625
v 0.154297 0.267578 0.023926
v 0.038330 -0.041748 -0.088379
v -0.109863 0.394531 0.093262
v -0.231445 -0.071289 -0.041992
v 0.041504 0.460938 0.069824
v 0.183594 -0.287109 -0.030151
v -0.026367 0.119629 0.221680
v -0.012085 -0.427734 0.012146
v 0.206055 0.129883 -0.104492
v 0.103516 -0.139648 0.122559
v -0.132812 0.386719 -0.050537
v -0.159180 -0.320312 0.050537
v 0.094727 0.239258 -0.034668
v 0.306641 -0.139648 -0.004822
v -0.058838 0.384766 -0.127930
v -0.156250 -0.151367 -0.039062
v 0.094238 0.265625 0.251953
v 0.000080 -0.343750 -0.137695
v -0.194336 0.039307 0.081055
v -0.165039 -0.291016 -0.077148
v 0.022217 0.118652 0.128906
v 0.109375 -0.078613 -0.062500
v -0.050293 0.332031 0.146484
v -0.032715 -0.316406 -0.050781
v 0.152344 0.265625 -0.102539
v 0.046875 -0.496094 0.033691
v -0.164062 -0.017700 -0.034912
v -0.139648 -0.064453 0.062256
v 0.079102 0.490234 -0.011780
v 0.316406 -0.205078 -0.002502
v -0.000160 0.237305 -0.190430
v -0.064453 -0.482422 -0.044434
v 0.123535 0.065918 0.216797
v 0.031006 -0.228516 -0.149414
v -0.147461 0.292969 0.054932
v -0.255859 -0.203125 -0.028809
v 0.050049 0.332031 0.146484
v 0.126953 -0.291016 -0.111328
v -0.046387 0.024048 0.056885
v -0.018677 -0.306641 0.174805
v 0.215820 0.227539 0.003998
v 0.117188 -0.024780 0.056152
v -0.118164 0.496094 -0.036377
v -0.116699 -0.480469 0.031494
v 0.065918 -0.005402 -0.055176
v 0.289062 -0.182617 0.036865
v -0.066406 0.341797 0.010925
v -0.027588 -0.208008 -0.236328
v 0.128906 0.498047 0.011292
v 0.000656 -0.322266 -0.116211
v -0.203125 0.125977 0.133789
v -0.322266 -0.168945 -0.005737
v 0.000000 0.382812 -0.141602
v 0.142578 -0.322266 0.081055
v -0.094727 0.017212 -0.019531
v -0.070312 -0.441406 -0.062012
v 0.177734 0.040039 0.137695
v 0.076660 -0.298828 -0.091309
v -0.124023 0.166016 0.186523
v -0.101074 -0.351562 -0.064941
v 0.070801 0.161133 0.202148
v 0.277344 -0.155273 -0.051758
v 0.000355 0.474609 0.049805
v -0.156250 -0.152344 0.055664
v 0.170898 0.277344 -0.049805
v 0.021973 -0.433594 -0.027588
v -0.141602 0.070312 -0.142578
v -0.165039 -0.328125 0.080078
v 0.055176 0.033203 -0.004913
v 0.184570 -0.166992 0.007019
v -0.085938 0.353516 -0.056885
v 0.001511 -0.046143 -0.091797
v 0.148438 0.470703 0.031128
v 0.026123 -0.279297 -0.265625
v -0.152344 0.238281 0.007935
v -0.065918 -0.259766 -0.184570
v 0.091797 0.326172 0.064453
v 0.117188 -0.466797 -0.032471
v -0.018799 0.046387 0.206055
v -0.109863 -0.357422 0.046631
v 0.135742 0.233398 -0.038330
v 0.000069 -0.150391 0.153320
v -0.200195 0.412109 -0.013306
v -0.182617 -0.314453 0.047119
v 0.000305 0.014526 -0.065918
v 0.119629 -0.228516 0.129883
v -0.085938 0.351562 0.029053
v -0.050293 -0.131836 -0.125000
v 0.158203 0.490234 0.012268
v 0.052979 -0.359375 -0.091797
v -0.123535 0.129883 0.213867
v -0.164062 -0.287109 -0.062500
v 0.054932 0.223633 0.195312
v 0.145508 -0.373047 -0.063477
v 0.002411 0.014893 0.076172
v -0.076172 -0.345703 0.102051
v 0.143555 0.226562 -0.012817
v 0.071289 -0.066406 0.037354
v -0.192383 0.414062 -0.039307
v -0.273438 -0.143555 0.041748
v 0.063477 0.458984 -0.033447
v 0.196289 -0.285156 0.009277
v -0.074707 0.187500 -0.190430
v -0.021606 -0.472656 -0.015991
v 0.170898 0.071777 0.184570
v 0.062988 -0.219727 -0.138672
v -0.131836 0.306641 0.048340
v -0.128906 -0.285156 -0.100586
v 0.088379 0.308594 0.104980
v 0.228516 -0.072266 -0.042969
v -0.046387 0.375000 0.144531
v -0.168945 -0.160156 0.008301
v 0.118164 0.330078 -0.106934
v 0.041748 -0.375000 0.075684
v -0.232422 0.128906 -0.049561
v -0.275391 -0.194336 -0.043945
v 0.057373 0.359375 0.014954
v 0.109375 -0.439453 -0.057861
v -0.080078 0.016846 0.168945
v -0.012878 -0.373047 0.014832
v 0.201172 0.179688 -0.101074
v 0.105957 -0.050293 0.086426
v -0.117676 0.500000 -0.012268
v -0.095703 -0.445312 0.075684
v 0.131836 -0.022583 0.009949
v 0.310547 -0.200195 0.016113
v -0.000206 0.345703 -0.057129
v -0.055176 -0.108887 -0.102539
v 0.146484 0.255859 0.193359
v 0.026123 -0.347656 -0.173828
v -0.228516 0.124023 0.073730
v -0.182617 -0.316406 -0.030884
v 0.019775 0.104980 0.228516
v 0.161133 -0.105957 -0.067871
v -0.070312 0.458984 0.046631
v 0.000671 -0.287109 0.163086
v 0.186523 0.285156 -0.012634
v 0.095215 -0.496094 0.010986
v -0.123047 0.025879 -0.102051
v -0.191406 -0.024536 -0.001480
v 0.042725 0.433594 -0.098633
v 0.189453 -0.292969 0.054688
v -0.066895 0.283203 -0.036133
v -0.043945 -0.324219 -0.151367
v 0.087402 -0.007660 0.069824
v 0.000702 -0.271484 -0.108887
v -0.147461 0.255859 0.193359
v -0.314453 -0.158203 -0.023560
v 0.000309 0.375000 0.153320
v 0.073242 -0.296875 -0.138672
v -0.130859 0.289062 0.092285
v -0.054932 -0.439453 0.072266
v 0.192383 0.038574 -0.037109
v 0.126953 -0.140625 -0.004333
v -0.120117 0.275391 -0.107422
v -0.166992 -0.324219 0.015869
v 0.075684 0.089355 -0.184570
v 0.308594 -0.175781 0.029053
v -0.041016 0.414062 -0.010681
v -0.045410 -0.289062 -0.131836
v 0.130859 0.289062 0.092285
v 0.045654 -0.496094 -0.019409
v -0.156250 0.038086 0.175781
v -0.050537 -0.324219 -0.183594
v 0.055420 -0.008423 0.086914
v 0.185547 -0.239258 -0.044678
v -0.055908 0.279297 0.158203
v -0.055908 -0.030640 0.031494
v 0.198242 0.416016 -0.036621
v 0.088867 -0.304688 0.158203
v -0.121582 0.225586 -0.013733
v -0.146484 -0.136719 0.085938
v 0.083496 0.458984 0.002930
v 0.187500 -0.332031 0.009033
v 0.000141 0.017456 -0.134766
v -0.067383 -0.285156 -0.134766
v 0.107910 0.206055 0.173828
v -0.000076 -0.211914 -0.253906
v -0.157227 0.486328 0.011047
v -0.285156 -0.201172 0.027100
v 0.078125 0.250000 -0.015076
v 0.135742 -0.049072 0.031128
v -0.076172 0.433594 -0.073730
v -0.083984 -0.098633 -0.023560
v 0.129883 0.257812 0.224609
v 0.021484 -0.341797 -0.146484
v -0.132812 0.006653 0.085938
v -0.105469 -0.133789 -0.104004
v 0.077637 0.449219 0.029785
v 0.300781 -0.213867 -0.008911
v -0.000786 0.115234 0.225586
v -0.045654 -0.496094 -0.018433
v 0.141602 0.068848 -0.141602
v 0.036377 -0.316406 0.071777
v -0.173828 0.269531 -0.037598
v -0.320312 -0.184570 0.010559
v 0.050537 0.322266 -0.100098
v 0.104492 -0.384766 0.095703
v -0.082031 0.008179 0.001175
v -0.000412 -0.265625 -0.275391
v 0.234375 0.183594 0.005432
v 0.076660 -0.057617 -0.083984
v -0.133789 0.392578 0.054199
v -0.158203 -0.324219 -0.068359
v 0.020142 0.080566 0.211914
v 0.055664 -0.224609 -0.209961
v -0.052979 0.357422 0.012573
v -0.104980 -0.051514 0.087402
v 0.107422 0.500000 -0.012085
v 0.022339 -0.365234 0.047607
v -0.209961 0.229492 -0.047119
v -0.298828 -0.205078 -0.029175
v 0.000290 0.158203 0.221680
v 0.127930 -0.056641 -0.068359
v -0.092773 0.492188 0.009705
v -0.051270 -0.140625 0.141602
v 0.195312 0.357422 0.013794
v 0.053223 -0.376953 0.061523
v -0.132812 0.009583 -0.048340
v -0.145508 -0.072754 0.052490
v 0.082031 0.451172 -0.052002
v 0.166992 -0.294922 0.092285
v -0.075195 0.251953 -0.013977
v -0.025757 -0.339844 -0.204102
v 0.106445 0.002777 0.028564
v 0.027344 -0.257812 -0.122070
v -0.151367 0.246094 0.115723
v -0.162109 -0.230469 -0.078125
v 0.048340 0.322266 0.111328
v 0.114258 -0.482422 -0.008301
v -0.042236 0.040527 0.194336
v -0.015991 -0.371094 -0.022949
v 0.152344 0.136719 -0.156250
v 0.146484 -0.072754 0.052490
v -0.101074 0.433594 -0.041992
v -0.148438 -0.382812 0.076660
v 0.075195 -0.007996 -0.036133
v 0.324219 -0.185547 0.010010
v -0.065918 0.330078 -0.142578
v -0.127930 -0.046631 -0.040039
v 0.046387 0.375000 0.144531
v 0.000732 -0.287109 -0.148438
v -0.222656 0.173828 0.069824
v -0.172852 -0.056885 0.056396
v 0.057373 0.462891 -0.011597
v 0.181641 -0.287109 0.046143
v -0.105469 0.251953 -0.051758
v 0.000679 -0.355469 -0.106445
v 0.197266 0.077148 0.135742
v 0.024658 -0.225586 -0.261719
v -0.124023 0.386719 0.038330
v -0.062988 -0.289062 -0.165039
v 0.119629 0.228516 0.004669
v 0.318359 -0.158203 -0.024536
v 0.000164 0.335938 0.158203
v -0.136719 -0.133789 0.032227
v 0.150391 0.277344 -0.057617
v 0.060303 -0.412109 0.080566
v -0.130859 -0.022827 0.009521
v -0.119629 -0.480469 -0.003693
v 0.164062 -0.285156 0.081055
v -0.089355 0.243164 -0.033691
v 0.000610 -0.229492 -0.137695
v 0.147461 0.343750 0.056885
v 0.111816 -0.357422 -0.026611
v -0.055664 0.094727 0.224609
v -0.206055 -0.173828 -0.036621
v 0.043701 0.285156 0.271484
v 0.121094 -0.320312 -0.089355
v -0.055176 -0.009094 0.085449
v -0.101562 -0.351562 0.082031
v 0.146484 0.265625 -0.053223
v 0.055908 -0.033447 -0.030640
v -0.162109 0.453125 -0.054199
v -0.324219 -0.189453 -0.007996
v 0.000591 0.279297 -0.160156
v 0.101562 -0.351562 0.082031
v -0.107422 0.002487 -0.028564
v -0.032959 -0.298828 -0.160156
v 0.208008 0.219727 0.058350
v 0.088867 -0.040283 -0.060303
v -0.087891 0.373047 0.125000
v -0.082520 -0.498047 -0.023315
v 0.057617 0.066406 0.219727
v 0.314453 -0.202148 -0.022217
v 0.000751 0.269531 0.176758
v -0.102051 -0.045898 0.077637
v 0.146484 0.380859 0.000721
v 0.013916 -0.425781 0.011597
v -0.201172 0.180664 -0.101074
v -0.139648 -0.296875 0.103516
v 0.082031 0.008118 0.001373
v 0.203125 -0.175781 0.023926
v -0.047363 0.414062 -0.036377
v 0.000336 -0.304688 -0.109863
v 0.172852 0.182617 0.136719
v 0.050293 -0.326172 -0.185547
v -0.047363 -0.229492 -0.243164
v 0.071289 0.474609 0.010010
v 0.190430 -0.289062 -0.041748
v -0.027954 0.116699 0.206055
v -0.060059 -0.500000 0.006378
v 0.171875 0.041504 -0.080566
v 0.073730 -0.190430 0.132812
v -0.178711 0.275391 0.003067
v -0.175781 -0.287109 -0.060059
v 0.020996 0.077148 0.131836
v 0.172852 -0.159180 -0.039062
v -0.044434 0.285156 0.271484
v -0.047607 -0.038330 0.004700
v 0.160156 0.490234 -0.036621
v 0.067383 -0.285156 0.151367
v -0.143555 0.228516 -0.013123
v -0.172852 -0.158203 0.053711
v 0.122070 0.316406 -0.019287
v 0.174805 -0.386719 0.006348
v 0.000259 0.051025 -0.175781
v -0.052979 -0.378906 -0.042969
v 0.124512 0.097656 0.222656
v 0.052490 -0.130859 -0.125000
v -0.194336 0.414062 0.012878
v -0.308594 -0.171875 -0.038330
v 0.043701 0.330078 0.132812
v 0.050537 -0.287109 -0.241211
v -0.101074 0.014832 0.022583
v -0.043457 -0.476562 0.051025
v 0.136719 0.002029 0.000721
v 0.197266 -0.244141 0.008179
v -0.145508 0.267578 -0.055664
v -0.188477 -0.291016 0.054688
v 0.106445 0.253906 -0.049805
v 0.204102 -0.107422 0.057861
v -0.050781 0.460938 -0.010742
v -0.054688 -0.232422 -0.173828
v 0.124023 0.371094 0.037598
v 0.000999 -0.380859 -0.054932
v -0.198242 0.077637 0.135742
v -0.287109 -0.165039 -0.050537
v 0.021240 0.476562 0.004028
v 0.078125 -0.341797 -0.087891
v -0.071289 0.162109 0.202148
v -0.023193 -0.472656 0.032959
v 0.163086 -0.019165 -0.035645
v 0.064941 -0.235352 0.155273
v -0.158203 0.332031 0.001358
v -0.123535 -0.285156 0.122559
v 0.099121 0.230469 -0.013550
v 0.271484 -0.098633 -0.005035
v -0.000038 0.458984 -0.067383
v -0.061523 -0.217773 -0.137695
v 0.128906 0.306641 0.092285
v -0.000221 -0.328125 -0.238281
v -0.229492 0.076660 0.011475
v -0.171875 -0.367188 -0.028809
v 0.025391 0.071777 0.212891
v 0.123047 -0.221680 -0.111328
v -0.104004 0.314453 0.086426
v -0.046631 -0.046143 0.101562
v 0.185547 0.462891 -0.035645
v 0.167969 -0.320312 -0.023560
v -0.146484 0.181641 -0.155273
v -0.197266 -0.244141 0.007568
v 0.065918 0.275391 -0.144531
v 0.130859 -0.439453 0.058594
v -0.054443 -0.008972 0.001602
v -0.064941 -0.324219 -0.120117
v 0.091797 0.006531 0.130859
v 0.056885 -0.071289 0.001007
v -0.131836 0.257812 0.224609
v -0.292969 -0.213867 0.008667
v -0.000145 0.275391 -0.157227
v 0.171875 -0.057617 0.056152
v -0.067871 0.484375 -0.011230
v 0.000565 -0.233398 -0.271484
v 0.180664 0.281250 0.009094
v 0.070801 -0.386719 -0.076660
v -0.122070 0.015259 0.156250
v -0.120117 -0.023926 -0.059326
v 0.070801 0.433594 0.095215
v 0.283203 -0.201172 -0.039795
v -0.038574 0.343750 0.063477
v -0.064941 -0.322266 0.136719
v 0.139648 0.005707 0.014038
v 0.104004 -0.081055 0.052490
v -0.161133 0.363281 -0.058350
v -0.247070 -0.172852 0.042969
v 0.044678 0.367188 -0.009644
v 0.149414 -0.433594 0.033447
v -0.057129 0.009277 -0.105469
v -0.032471 -0.375000 -0.052002
v 0.123535 0.129883 0.213867
v 0.101562 -0.046387 -0.073242
v -0.104980 0.435547 0.052734
v -0.102051 -0.437500 -0.061523
v 0.052490 -0.023315 0.088867
v 0.255859 -0.204102 -0.030273
v -0.035400 0.166992 0.216797
v -0.162109 -0.093750 0.007812
v 0.103516 0.386719 -0.096191
v 0.000641 -0.380859 0.070312
v -0.228516 0.179688 -0.048584
v -0.172852 -0.371094 0.043945
v 0.000134 -0.010010 -0.067383
v 0.169922 -0.161133 0.008545
v -0.086914 0.285156 -0.134766
v -0.090820 -0.040039 -0.060303
v 0.107422 0.318359 0.116699
v 0.033447 -0.298828 -0.159180
v -0.194336 0.158203 0.127930
v -0.149414 -0.137695 -0.069824
v 0.105469 0.312500 0.084961
v 0.182617 -0.316406 -0.030640
v -0.000191 0.072266 0.218750
v -0.113770 -0.361328 0.012207
v 0.129883 0.231445 -0.149414
v 0.050049 -0.029907 0.101074
v -0.172852 0.482422 -0.012756
v -0.236328 -0.073242 0.031128
v 0.063477 0.460938 -0.036133
v 0.128906 -0.300781 0.129883
v -0.094238 0.234375 -0.013977
v 0.002090 -0.343750 -0.212891
v 0.218750 0.077148 0.076172
v 0.149414 -0.137695 -0.069336
v -0.088379 0.324219 0.125977
v -0.121094 -0.320312 -0.087891
v 0.034424 0.100586 0.199219
v 0.047852 -0.229492 -0.243164
v -0.048096 0.429688 0.011414
v -0.117676 -0.228516 0.128906
v 0.155273 0.283203 0.001328
v 0.028809 -0.492188 0.007690
v -0.172852 0.041748 -0.080566
v -0.314453 -0.201172 -0.019287
v 0.000000 0.218750 0.205078
v 0.071777 -0.441406 -0.062012
v -0.058350 0.001137 0.128906
v -0.052246 -0.357422 0.108887
v 0.228516 0.178711 -0.048584
v 0.083984 -0.101562 0.020630
v -0.122070 0.373047 -0.062988
v -0.107391 -0.303747 0.008167
v 0.106735 -0.298973 0.008031
v -0.103304 -0.030320 0.071288
v -0.088379 -0.006500 0.068848
v -0.053711 -0.013733 0.088867
v 0.057861 -0.003098 -0.070312
v -0.116699 -0.018188 0.050049
vn -0.0864 -0.2664 -0.9600
vn -0.0949 -0.2925 -0.9515
vn -0.4705 -0.2646 -0.8418
vn -0.1139 -0.2444 -0.9630
vn -0.4709 -0.3298 -0.8182
vn -0.4436 -0.3419 -0.8284
vn -0.2499 -0.9681 -0.0191
vn 0.1603 -0.9854 0.0567
vn -0.1054 -0.9831 -0.1499
vn -0.1551 -0.9829 -0.0997
vn 0.0222 -0.9994 0.0279
vn 0.1621 -0.9832 -0.0836
vn 0.2378 -0.9713 -0.0018
vn -0.1544 -0.9865 0.0542
vn 0.0967 -0.9840 -0.1496
vn 0.4609 -0.3322 -0.8230
vn 0.4807 0.1796 -0.8583
vn 0.3113 0.1830 -0.9325
vn 0.1947 -0.3564 -0.9138
vn 0.1963 -0.3591 -0.9124
vn 0.1939 0.1357 -0.9716
vn -0.4481 0.4477 0.7738
vn -0.4747 0.6285 0.6161
vn -0.4068 0.4898 0.7711
vn -0.5181 0.5867 0.6224
vn -0.4514 0.6352 0.6267
vn -0.5401 0.4444 0.7147
vn 0.6846 -0.7285 -0.0249
vn 0.5207 -0.5064 0.6873
vn 0.7838 -0.4896 0.3820
vn 0.4814 -0.5447 0.6867
vn 0.7314 -0.6817 -0.0204
vn 0.5508 -0.7839 0.2866
vn 0.4854 -0.1219 -0.8657
vn 0.5646 -0.1033 -0.8189
vn 0.1746 0.0466 -0.9835
vn 0.4700 0.0485 -0.8814
vn 0.5825 -0.0452 -0.8116
vn 0.0617 -0.0304 -0.9976
vn 0.1708 -0.6516 0.7391
vn 0.3640 -0.6610 0.6561
vn 0.0796 -0.8996 0.4293
vn 0.3086 -0.8797 0.3617
vn 0.4007 -0.7276 0.5568
vn 0.1307 -0.9183 0.3737
vn -0.1044 0.9910 0.0844
vn -0.3218 0.8894 0.3247
vn -0.4366 0.8821 -0.1767
vn -0.4432 0.8699 0.2164
vn -0.1011 0.9895 -0.1031
vn -0.2899 0.9083 -0.3017
vn -0.8144 0.0854 0.5739
vn -0.6303 0.0832 0.7718
vn -0.6605 0.0590 0.7485
vn -0.8144 0.1649 0.5564
vn -0.8205 0.1591 0.5490
vn -0.6230 0.1627 0.7652
vn 0.1711 0.9837 0.0544
vn 0.3137 0.9404 0.1314
vn 0.4466 0.8929 0.0580
vn 0.1760 0.9825 -0.0613
vn 0.4473 0.8926 0.0566
vn 0.3783 0.9214 -0.0896
vn 0.8826 -0.2078 0.4217
vn 0.9631 -0.1624 0.2148
vn 0.8849 -0.1579 0.4382
vn 0.9515 -0.0893 0.2945
vn 0.9582 -0.1808 0.2216
vn -0.3490 0.3126 -0.8834
vn -0.1760 0.7426 -0.6461
vn -0.1335 0.5018 -0.8546
vn -0.4236 0.5544 -0.7164
vn -0.3279 0.6736 -0.6624
vn -0.0117 0.3469 -0.9378
vn 0.0338 -0.0302 -0.9990
vn 0.3698 -0.1699 -0.9134
vn 0.4023 -0.1203 -0.9076
vn -0.0948 -0.1260 -0.9875
vn 0.4560 0.6117 0.6465
vn 0.1753 0.5911 0.7873
vn 0.2267 0.3785 0.8974
vn 0.5599 0.4523 0.6942
vn 0.4147 0.5420 0.7310
vn -0.2672 0.9620 -0.0566
vn -0.2114 0.9556 0.2051
vn 0.2386 0.9688 0.0676
vn 0.1761 0.9596 0.2193
vn 0.1633 0.9832 -0.0818
vn -0.4661 0.4447 0.7649
vn -0.9118 0.2850 0.2956
vn -0.6796 0.6504 0.3394
vn -0.5946 0.2085 0.7765
vn -0.8226 0.5320 0.2008
vn -0.7597 0.6262 0.1754
vn -0.7129 0.6580 0.2424
vn -0.7344 0.6120 -0.2936
vn -0.7147 0.6225 -0.3188
vn -0.6609 0.7271 -0.1859
vn -0.6718 0.7241 0.1561
vn -0.0920 0.0081 0.9957
vn 0.1328 -0.0117 0.9911
vn 0.1687 0.9364 0.3076
vn -0.1971 0.9318 0.3048
vn 0.3931 0.1385 -0.9090
vn 0.6596 -0.3577 -0.6610
vn 0.7135 0.1347 -0.6876
vn 0.4722 -0.3617 -0.8038
vn -0.7283 -0.0247 -0.6848
vn -0.9529 0.2499 0.1716
vn -0.8370 -0.4683 -0.2830
vn -0.8706 -0.4871 0.0692
vn -0.6500 0.7595 -0.0250
vn 0.8045 -0.0339 0.5930
vn 0.6153 -0.1907 0.7649
vn 0.9564 -0.0005 0.2922
vn 0.9712 -0.0338 0.2360
vn 0.6143 -0.2402 0.7516
vn 0.6692 -0.2703 0.6922
vn 0.9555 -0.1092 0.2742
vn 0.9689 -0.1993 0.1466
vn 0.9632 -0.2166 0.1594
vn 0.9628 -0.2332 -0.1365
vn 0.9641 -0.2296 -0.1333
vn 0.8177 -0.5575 -0.1436
vn 0.8302 -0.5424 0.1284
vn -0.3546 -0.5359 0.7662
vn -0.4875 -0.8240 0.2888
vn -0.2973 -0.5943 0.7473
vn -0.4765 -0.5720 0.6676
vn -0.5410 -0.7861 0.2989
vn -0.8135 0.3218 -0.4843
vn -0.5255 0.3111 -0.7919
vn -0.8587 0.0372 -0.5112
vn -0.8538 0.0258 -0.5200
vn -0.5529 0.0123 -0.8332
vn -0.9613 -0.1861 0.2029
vn -0.9537 -0.0655 0.2934
vn -0.9655 -0.1755 -0.1924
vn -0.9577 -0.0573 -0.2819
vn 0.4203 -0.1966 -0.8858
vn 0.4566 0.0755 -0.8865
vn 0.1838 0.0774 -0.9799
vn 0.4500 0.0878 -0.8887
vn 0.1649 -0.1535 -0.9743
vn 0.1990 -0.2148 -0.9562
vn 0.4487 -0.1151 -0.8862
vn 0.4873 0.3811 0.7857
vn 0.3873 0.3400 0.8569
vn 0.3562 0.0486 0.9331
vn 0.5251 0.3018 0.7957
vn 0.2203 -0.0233 0.9751
vn 0.5187 0.3533 -0.7786
vn 0.7189 0.6111 -0.3312
vn 0.6366 0.1748 -0.7511
vn 0.9208 0.2367 -0.3100
vn 0.7821 0.5648 -0.2633
vn -0.6475 0.5169 0.5600
vn -0.6148 0.4908 0.6174
vn -0.9462 0.1085 0.3047
vn -0.6903 0.2067 0.6933
vn -0.8837 0.0154 0.4678
vn -0.9204 0.2652 0.2873
vn -0.6368 -0.7471 -0.1904
vn 0.8926 -0.4371 -0.1105
vn 0.9798 -0.1916 -0.0567
vn 0.8673 -0.4512 0.2105
vn -0.9750 -0.0871 -0.2046
vn -0.6798 -0.5424 -0.4936
vn -0.7398 -0.2180 -0.6365
vn -0.7181 -0.5953 -0.3606
vn -0.9251 -0.3666 -0.0994
vn -0.8659 -0.1919 0.4619
vn -0.5712 -0.1802 0.8008
vn -0.7843 -0.4519 0.4250
vn -0.5528 -0.2166 0.8047
vn -0.5453 -0.4255 0.7222
vn -0.8134 -0.4172 0.4054
vn -0.5239 -0.7836 0.3340
vn -0.3159 -0.4736 0.8221
vn -0.7354 -0.3383 0.5872
vn -0.4039 -0.3662 0.8383
vn -0.8048 -0.4737 0.3577
vn -0.3197 -0.7116 0.6256
vn -0.0226 0.8986 -0.4382
vn 0.1130 0.7535 -0.6476
vn 0.0436 0.8978 -0.4382
vn 0.1247 0.7626 -0.6347
vn -0.1384 0.7476 -0.6495
vn -0.1324 0.7379 -0.6618
vn 0.2826 -0.5337 0.7970
vn 0.3892 -0.3609 0.8475
vn 0.4063 -0.4925 0.7696
vn -0.1397 -0.2971 0.9446
vn -0.1923 -0.3492 0.9171
vn 0.4191 -0.3859 0.8219
vn 0.0377 0.7041 0.7091
vn 0.2257 0.4342 0.8721
vn 0.5385 0.2798 0.7949
vn 0.7347 0.5317 0.4214
vn 0.2044 0.9133 0.3522
vn 0.5063 0.8210 0.2637
vn 0.5462 0.3918 -0.7404
vn -0.5227 0.4035 -0.7510
vn 0.9193 -0.1825 0.3486
vn 0.9666 0.1590 0.2012
vn 0.8798 0.2217 0.4206
vn 0.8762 0.1739 0.4495
vn 0.1631 0.2889 -0.9434
vn 0.2133 0.2539 -0.9434
vn 0.0635 0.2245 -0.9724
vn 0.4100 0.1874 -0.8926
vn -0.6300 -0.0061 0.7765
vn -0.8778 0.0166 0.4787
vn -0.8078 0.3458 0.4775
vn -0.8714 0.2646 0.4131
vn -0.6740 0.3048 0.6729
vn -0.6166 0.0219 0.7870
vn 0.3886 -0.2099 -0.8972
vn -0.0529 -0.3113 -0.9489
vn 0.0351 -0.8509 0.5242
vn -0.1750 -0.8501 0.4967
vn 0.0900 -0.8866 0.4538
vn 0.1397 -0.9371 0.3200
vn 0.1456 -0.6147 0.7752
vn 0.2771 -0.9344 0.2239
vn 0.0447 -0.9544 0.2951
vn 0.6674 -0.3530 -0.6557
vn 0.1774 -0.1641 -0.9704
vn 0.6715 -0.2116 -0.7101
vn 0.3461 -0.0250 -0.9379
vn 0.3596 -0.6441 -0.6751
vn 0.1310 -0.3275 -0.9357
vn -0.1736 0.9830 -0.0597
vn 0.1236 0.9850 -0.1204
vn 0.0806 0.9898 0.1175
vn -0.1689 0.9842 0.0529
vn -0.1242 0.9855 -0.1160
vn -0.0817 0.9899 0.1160
vn -0.1794 0.3775 0.9085
vn -0.3408 0.2733 0.8995
vn -0.3526 0.4466 0.8223
vn -0.2757 0.4520 0.8484
vn -0.4213 0.3209 0.8483
vn -0.1880 0.3029 0.9343
vn 0.0019 0.9964 -0.0846
vn 0.3901 0.9078 -0.1537
vn 0.2388 0.9304 0.2782
vn 0.3849 0.9012 0.1991
vn -0.0019 0.9964 0.0850
vn 0.1536 0.9458 -0.2863
vn -0.9684 -0.0356 0.2469
vn -0.9947 0.0084 -0.1024
vn -0.9939 0.0556 -0.0948
vn -0.9720 0.0800 0.2208
vn -0.9578 -0.0106 0.2872
vn -0.6865 0.2940 -0.6651
vn -0.6627 0.3990 -0.6337
vn -0.7477 0.5448 -0.3795
vn -0.7210 0.5617 -0.4057
vn -0.8211 0.3502 -0.4507
vn -0.6710 0.3146 -0.6714
vn -0.6499 -0.0411 0.7589
vn -0.8970 -0.1793 0.4040
vn -0.5420 -0.1273 -0.8307
vn -0.4476 -0.1564 -0.8804
vn -0.9125 -0.1963 -0.3590
vn -0.7818 -0.4780 -0.4004
vn -0.8928 -0.3958 -0.2151
vn -0.5492 -0.3464 -0.7605
vn 0.6598 0.7259 0.1944
vn 0.5795 0.7449 0.3305
vn 0.5764 0.7538 -0.3155
vn 0.4533 0.8668 0.2078
vn 0.4418 0.8766 -0.1906
vn 0.6455 0.7302 -0.2237
vn -0.1646 0.5699 -0.8051
vn -0.4544 0.5780 -0.6778
vn -0.1815 0.8454 -0.5024
vn -0.4602 0.5865 -0.6665
vn -0.3041 0.8181 -0.4881
vn -0.0609 0.7860 -0.6152
vn -0.1078 0.1998 -0.9739
vn -0.3996 0.2196 -0.8900
vn -0.4394 0.1385 -0.8875
vn -0.1102 0.2371 -0.9652
vn -0.4783 0.1731 -0.8610
vn -0.1903 0.1527 -0.9698
vn -0.5433 -0.8009 -0.2518
vn 0.7493 -0.4683 0.4683
vn -0.5387 -0.8024 -0.2567
vn 0.9430 0.0092 0.3328
vn 0.8424 -0.2672 0.4679
vn 0.5422 -0.6570 0.5238
vn 0.6927 -0.3442 0.6338
vn 0.6914 -0.7124 0.1200
vn 0.5772 -0.7729 0.2635
vn 0.8919 -0.4248 0.1549
vn -0.2726 0.6519 0.7076
vn -0.4307 0.7688 0.4727
vn -0.4236 0.7694 0.4781
vn -0.3671 0.4670 0.8045
vn -0.9464 0.3041 -0.1091
vn -0.5839 0.6644 0.4666
vn -0.0206 -0.1886 -0.9818
vn 0.3594 -0.4942 -0.7915
vn 0.3046 -0.5498 -0.7778
vn -0.0446 -0.0063 -0.9990
vn 0.1948 -0.1444 -0.9702
vn 0.2996 -0.5480 -0.7810
vn 0.5466 0.8253 0.1418
vn 0.2018 0.9598 0.1949
vn 0.3727 0.8136 0.4462
vn 0.3196 0.9439 0.0829
vn 0.4717 0.7721 0.4258
vn 0.9790 0.0657 -0.1931
vn 0.9718 0.0612 0.2275
vn -0.4497 -0.3096 0.8378
vn -0.3705 0.4727 0.7995
vn -0.8312 -0.2750 0.4832
vn -0.4540 0.7024 0.5482
vn -0.9008 0.1479 0.4083
vn -0.4514 -0.8502 0.2709
vn -0.6190 -0.7837 0.0515
vn -0.5052 -0.8385 -0.2043
vn -0.0566 -0.9981 -0.0229
vn -0.0505 -0.9983 0.0303
vn 0.2213 -0.8365 -0.5012
vn 0.3863 -0.7029 -0.5972
vn 0.2337 -0.9213 -0.3108
vn 0.2312 -0.9210 -0.3137
vn 0.4723 -0.6930 -0.5447
vn 0.4276 -0.8435 -0.3250
vn -0.2918 0.1417 0.9459
vn 0.1990 0.1677 0.9655
vn -0.2598 0.0930 0.9612
vn -0.0221 0.0603 0.9979
vn -0.2229 0.1788 0.9583
vn 0.1975 0.1730 0.9649
vn -0.9478 -0.1815 0.2621
vn -0.9382 -0.1901 0.2892
vn -0.8992 -0.3981 0.1817
vn -0.9468 -0.1767 -0.2690
vn -0.9445 -0.1789 -0.2754
vn -0.9095 -0.4014 -0.1083
vn -0.8739 0.4810 0.0705
vn -0.7763 0.5998 0.1939
vn -0.5570 0.2861 0.7797
vn -0.9571 0.1432 0.2520
vn -0.5574 0.2903 0.7778
vn -0.8530 0.0463 0.5199
vn -0.9544 -0.0426 -0.2953
vn -0.9327 0.3121 0.1809
vn -0.9699 -0.0684 -0.2338
vn -0.9037 0.3038 -0.3018
vn -0.9599 -0.0201 0.2798
vn 0.7880 -0.6117 -0.0694
vn 0.9778 0.1508 -0.1455
vn 0.7779 -0.5569 0.2910
vn 0.8566 -0.4524 -0.2481
vn 0.9703 0.1475 0.1918
vn -0.1673 -0.1551 -0.9736
vn -0.4205 -0.1749 -0.8903
vn -0.1896 -0.1945 -0.9624
vn -0.4542 0.0723 -0.8880
vn -0.1845 0.0977 -0.9780
vn -0.4440 0.0917 -0.8913
vn 0.7123 -0.1951 -0.6742
vn 0.7310 -0.2079 -0.6499
vn 0.3797 -0.3105 -0.8714
vn 0.6478 -0.6184 -0.4449
vn 0.3491 -0.7015 -0.6213
vn 0.3264 -0.8427 0.4281
vn 0.4555 -0.5323 0.7136
vn 0.1021 -0.5988 0.7943
vn 0.9441 0.0942 0.3160
vn 0.9141 0.2774 0.2957
vn 0.8812 0.0043 0.4727
vn 0.6500 0.5308 0.5438
vn 0.6103 0.4984 0.6157
vn 0.6915 0.1872 0.6977
vn -0.9767 -0.2006 -0.0757
vn -0.6886 -0.6886 0.2275
vn -0.6947 -0.6947 -0.1862
vn 0.6345 -0.7482 -0.1936
vn -0.4085 0.0804 -0.9092
vn -0.4810 0.0204 -0.8765
vn -0.4161 0.3472 -0.8404
vn -0.2342 0.0572 -0.9705
vn 0.0457 -0.2966 0.9539
vn -0.5408 -0.3700 0.7554
vn -0.3318 -0.6413 0.6919
vn -0.0123 -0.1345 0.9908
vn -0.4297 -0.1540 0.8898
vn -0.3011 -0.0888 0.9494
vn -0.1295 -0.6113 0.7807
vn -0.3114 -0.0903 0.9460
vn 0.4810 0.3459 -0.8056
vn 0.7139 0.6694 -0.2057
vn 0.4657 0.3596 -0.8086
vn 0.6807 0.6640 -0.3095
vn 0.6089 0.3875 -0.6922
vn 0.7402 0.6333 -0.2258
vn -0.2646 0.7854 0.5595
vn -0.2007 0.8000 0.5655
vn -0.4898 0.4966 0.7166
vn -0.0162 0.7113 0.7027
vn -0.1262 0.4028 0.9065
vn -0.4036 0.4134 0.8162
vn 0.5790 -0.7545 -0.3089
vn 0.4670 -0.8505 0.2418
vn 0.4684 -0.8456 -0.2560
vn 0.4736 -0.8358 0.2776
vn 0.4824 -0.8160 -0.3184
vn 0.2943 0.7517 -0.5903
vn 0.5072 0.7187 -0.4756
vn 0.3599 0.5524 -0.7519
vn 0.5374 0.5378 -0.6496
vn 0.3289 0.7748 -0.5400
vn 0.3753 0.5383 -0.7546
vn -0.6888 -0.2456 0.6821
vn -0.6033 -0.2038 0.7710
vn -0.8271 -0.0304 0.5612
vn -0.6046 -0.2009 0.7707
vn -0.9570 -0.1001 0.2724
vn -0.7213 -0.5885 -0.3652
vn -0.7911 -0.5868 -0.1725
vn -0.8693 -0.2160 -0.4446
vn -0.8158 -0.5599 -0.1447
vn -0.8790 -0.1989 -0.4334
vn -0.9697 -0.2068 -0.1304
vn -0.9629 -0.2286 0.1434
vn -0.9558 -0.2106 -0.2053
vn -0.9557 -0.2147 -0.2013
vn -0.9638 -0.1773 0.1993
vn 0.1223 -0.9455 -0.3019
vn 0.1547 -0.8356 -0.5272
vn 0.0650 -0.9241 -0.3767
vn -0.1724 -0.1988 0.9647
vn 0.0134 -0.2481 0.9686
vn -0.2703 -0.5860 0.7639
vn -0.0150 -0.1264 0.9919
vn 0.9331 -0.1784 -0.3123
vn 0.9253 -0.0881 -0.3688
vn 0.9488 -0.0162 0.3155
vn 0.9234 -0.1970 0.3294
vn 0.9708 -0.0069 -0.2398
vn 0.9126 -0.0552 0.4051
vn 0.1369 0.8810 -0.4529
vn 0.2303 0.9362 -0.2655
vn -0.3112 0.9448 -0.1021
vn -0.1683 0.8731 -0.4575
vn 0.7930 0.5679 0.2203
vn 0.6215 0.6814 0.3865
vn 0.8918 0.3098 0.3296
vn 0.4712 0.1775 0.8640
vn 0.4446 0.4972 0.7451
vn -0.0089 -0.0907 -0.9958
vn 0.4879 -0.1608 -0.8580
vn 0.5758 -0.0509 -0.8160
vn -0.0197 -0.0799 -0.9966
vn -0.5640 0.4528 0.6906
vn -0.2365 0.3814 0.8936
vn -0.5642 0.4159 0.7133
vn -0.4159 0.2257 0.8809
vn -0.9703 0.0797 -0.2283
vn -0.8385 0.1530 -0.5229
vn -0.9634 0.1537 -0.2196
vn -0.8204 0.0478 -0.5697
vn -0.8336 0.0314 -0.5515
vn -0.9634 0.1538 -0.2197
vn 0.4810 0.6933 0.5366
vn 0.1123 0.6721 0.7319
vn 0.4192 0.4839 0.7682
vn 0.2050 0.7462 0.6334
vn 0.1671 0.5327 0.8296
vn -0.0405 -0.2201 -0.9746
vn 0.5093 -0.2309 -0.8290
vn 0.5009 -0.2413 -0.8312
vn -0.0233 -0.2389 -0.9708
vn -0.3889 -0.8673 0.3107
vn -0.0189 -0.9090 0.4163
vn -0.4241 -0.8879 0.1781
vn -0.4056 0.1086 0.9076
vn -0.4702 0.0620 0.8804
vn 0.8304 -0.4475 0.3319
vn 0.1977 -0.8084 0.5544
vn 0.3245 -0.4605 0.8263
vn 0.5444 -0.8318 0.1079
vn 0.2246 -0.8857 0.4062
vn 0.5908 -0.3519 0.7260
vn -0.5411 0.2730 0.7954
vn -0.9390 0.2448 0.2416
vn -0.7786 -0.2169 0.5888
vn -0.9264 -0.1430 0.3482
vn -0.7341 0.5235 0.4325
vn -0.6465 -0.1328 0.7513
vn -0.8215 0.5422 -0.1766
vn -0.4716 0.4313 -0.7691
vn -0.9380 0.2232 -0.2651
vn -0.5951 0.1610 -0.7874
vn -0.6881 0.6524 -0.3177
vn -0.5304 -0.8357 -0.1426
vn -0.0634 -0.9902 -0.1246
vn -0.0693 -0.9971 -0.0326
vn -0.3024 -0.8904 -0.3402
vn -0.4541 -0.8849 0.1033
vn -0.4175 -0.8488 -0.3243
vn 0.0436 -0.8805 0.4721
vn -0.0872 -0.5788 0.8108
vn 0.3898 -0.3104 0.8670
vn 0.6049 -0.4415 0.6627
vn 0.5224 0.3016 -0.7976
vn 0.5251 0.1690 -0.8341
vn 0.6526 0.3125 -0.6903
vn 0.6970 0.1335 -0.7046
vn 0.1264 0.0539 0.9905
vn 0.3543 0.3840 0.8527
vn 0.4558 -0.0682 0.8874
vn 0.5806 -0.0262 0.8138
vn 0.2110 -0.0293 0.9771
vn 0.6534 0.2897 0.6993
vn 0.9506 0.1415 0.2764
vn 0.8051 -0.0401 0.5918
vn 0.5689 0.0517 0.8208
vn 0.5852 0.0184 0.8107
vn 0.8493 -0.4215 -0.3178
vn 0.9457 -0.1801 -0.2704
vn 0.5452 -0.3515 -0.7611
vn 0.8994 -0.3748 -0.2250
vn 0.1132 -0.9924 -0.0471
vn -0.0020 -0.9896 0.1440
vn -0.2474 -0.9686 0.0264
vn 0.1017 -0.9931 0.0578
vn -0.0096 -0.9899 -0.1413
vn -0.2483 -0.9686 -0.0147
vn -0.1808 -0.5535 -0.8130
vn -0.3475 -0.5277 -0.7751
vn -0.3854 -0.7045 -0.5960
vn -0.1559 -0.8294 -0.5364
vn -0.1107 -0.7689 -0.6297
vn -0.2353 -0.8299 -0.5058
vn -0.8961 0.3707 -0.2442
vn -0.9479 0.2402 -0.2095
vn -0.9490 0.2643 0.1716
vn -0.9368 0.2510 -0.2439
vn -0.8992 0.3869 -0.2041
vn 0.3958 0.8280 -0.3972
vn 0.6382 0.6011 -0.4810
vn 0.4897 0.7995 -0.3479
vn 0.3463 0.8160 -0.4628
vn 0.4827 0.5924 -0.6451
vn -0.0740 -0.8502 0.5212
vn 0.2732 -0.7477 0.6052
vn -0.1849 -0.6472 0.7396
vn -0.0296 -0.4875 0.8726
vn 0.3377 -0.5164 0.7870
vn 0.9034 -0.3855 0.1880
vn 0.9292 -0.1820 -0.3217
vn 0.9328 -0.1882 0.3073
vn 0.9010 -0.3834 -0.2032
vn -0.2748 -0.9146 0.2968
vn -0.6726 -0.5817 0.4575
vn -0.5646 -0.6059 0.5604
vn -0.2474 -0.9113 0.3292
vn -0.3333 -0.7848 0.5225
vn -0.5931 -0.7292 0.3413
vn 0.2218 -0.9742 0.0411
vn 0.4776 -0.8678 0.1373
vn 0.1717 -0.9746 0.1438
vn 0.4490 -0.8775 0.1686
vn 0.1979 -0.9782 0.0627
vn 0.1961 -0.9663 0.1665
vn 0.4755 -0.8775 0.0630
vn -0.5761 -0.7645 -0.2891
vn -0.5465 -0.4997 -0.6721
vn -0.5353 -0.5122 -0.6716
vn -0.6798 -0.7330 -0.0231
vn -0.8223 -0.4565 -0.3397
vn -0.7380 -0.6744 -0.0212
vn -0.5704 -0.1726 0.8030
vn -0.7885 -0.4290 0.4406
vn 0.5725 -0.7843 -0.2388
vn 0.5133 -0.8147 -0.2699
vn 0.5261 -0.8096 -0.2602
vn -0.8197 -0.0535 0.5702
vn 0.2649 -0.6453 -0.7165
vn -0.0975 -0.2554 -0.9619
vn 0.2674 -0.6454 -0.7156
vn -0.0829 -0.1581 -0.9839
vn 0.1471 0.9110 0.3852
vn 0.2875 0.8696 0.4014
vn 0.3515 0.8760 0.3303
vn 0.5319 -0.8009 -0.2750
vn 0.3416 -0.8715 -0.3519
vn 0.4297 -0.7149 -0.5516
vn 0.3965 -0.8835 -0.2493
vn 0.4971 -0.7128 -0.4949
vn 0.2826 -0.5970 0.7508
vn 0.2410 -0.1712 0.9553
vn -0.2091 -0.3054 0.9290
vn -0.3551 -0.3294 0.8749
vn 0.2573 -0.1494 0.9547
vn -0.2185 -0.1801 0.9591
vn 0.9728 0.0824 0.2165
vn 0.7186 0.5693 -0.3994
vn 0.7768 0.6266 -0.0619
vn 0.9391 0.3335 -0.0829
vn 0.7731 0.6306 -0.0678
vn 0.8269 0.3331 -0.4532
vn 0.8458 0.3092 -0.4348
vn 0.1815 0.3096 0.9334
vn 0.3343 0.2731 0.9020
vn 0.4325 0.3278 0.8399
vn 0.3724 0.4307 0.8221
vn 0.1715 0.4033 0.8988
vn 0.1038 0.7032 0.7034
vn -0.3009 0.9046 0.3018
vn -0.0721 0.9883 0.1342
vn -0.1982 0.5994 0.7755
vn 0.1156 0.9700 0.2139
vn -0.4082 -0.3080 0.8594
vn 0.0659 -0.2375 0.9692
vn 0.0569 -0.2299 0.9715
vn 0.0508 -0.2878 0.9564
vn -0.4016 -0.3521 0.8455
vn 0.2254 -0.9711 -0.0781
vn 0.2198 -0.9719 -0.0844
vn -0.1519 -0.9510 0.2694
vn -0.3388 -0.9286 0.1514
vn -0.2481 -0.6537 0.7149
vn -0.4215 -0.8619 0.2818
vn -0.1586 0.9414 -0.2977
vn -0.3165 0.8966 -0.3098
vn -0.3383 0.7918 -0.5086
vn 0.5489 -0.5131 -0.6599
vn 0.2278 -0.0953 -0.9690
vn 0.5447 -0.5179 -0.6596
vn 0.5249 -0.2468 -0.8146
vn 0.7425 0.5190 0.4235
vn 0.8202 0.3099 0.4809
vn 0.5975 0.6083 0.5224
vn 0.6977 0.2719 0.6628
vn 0.5042 0.5030 0.7020
vn -0.3274 -0.5314 -0.7813
vn 0.2041 -0.6283 -0.7507
vn -0.2075 -0.2733 -0.9393
vn 0.3368 -0.5261 -0.7809
vn 0.2104 -0.2639 -0.9413
vn -0.2071 -0.6247 -0.7529
vn -0.9859 0.1025 -0.1322
vn -0.9661 -0.2172 -0.1396
vn -0.9708 0.1300 0.2018
vn -0.9706 0.1190 0.2094
vn -0.9658 -0.1989 0.1665
vn -0.9852 0.0787 -0.1525
vn -0.6906 -0.4135 -0.5934
vn -0.9251 0.3106 -0.2183
vn -0.7849 0.2675 -0.5589
vn -0.9921 0.1024 -0.0720
vn -0.6768 -0.1303 -0.7246
vn -0.8557 -0.4141 -0.3104
vn 0.2055 -0.9337 -0.2931
vn -0.2036 -0.9339 -0.2938
vn 0.1845 -0.9356 -0.3010
vn -0.1782 -0.9361 -0.3032
vn 0.5948 -0.5017 -0.6281
vn 0.8451 -0.4839 -0.2274
vn 0.8381 -0.3936 -0.3778
vn 0.3712 -0.8151 -0.4448
vn -0.2420 0.7397 0.6279
vn -0.1727 0.1672 0.9707
vn -0.1939 -0.3413 0.9197
vn -0.4364 0.1686 0.8838
vn -0.1739 0.1677 0.9704
vn -0.4069 -0.3153 0.8573
vn -0.1875 -0.3307 0.9249
vn 0.5450 -0.8342 -0.0837
vn 0.9076 -0.3812 0.1762
vn -0.0748 0.1058 0.9916
vn -0.2448 0.4166 0.8755
vn -0.5024 -0.2750 0.8197
vn -0.1913 -0.1571 0.9689
vn 0.0268 0.0913 -0.9955
vn -0.1318 0.6878 -0.7139
vn 0.2878 0.4024 -0.8691
vn 0.2181 0.6721 -0.7076
vn -0.2388 0.4420 -0.8646
vn -0.0321 0.0932 -0.9951
vn -0.5903 -0.5755 0.5660
vn -0.2093 -0.7724 0.5997
vn -0.2407 -0.5651 0.7891
vn -0.4307 -0.8025 0.4130
vn -0.4603 -0.4993 0.7340
vn 0.4238 0.7164 -0.5543
vn 0.5467 0.2874 -0.7865
vn 0.7017 0.5815 -0.4116
vn 0.7411 0.5132 -0.4329
vn 0.4371 0.3577 -0.8253
vn 0.3862 0.6924 -0.6094
vn 0.8270 0.1731 0.5349
vn 0.6382 0.1700 0.7509
vn 0.8400 0.1605 0.5182
vn 0.6466 0.0830 0.7583
vn 0.8314 0.0603 0.5523
vn 0.6989 0.0398 0.7141
vn 0.7717 -0.4957 0.3985
vn 0.5570 -0.3942 0.7310
vn 0.4248 -0.1550 0.8919
vn 0.4625 -0.1391 0.8756
vn -0.3423 0.8304 0.4396
vn -0.6935 0.6978 0.1792
vn -0.5883 0.7991 -0.1242
vn -0.5394 0.7398 0.4021
vn 0.8646 0.2557 0.4325
vn 0.8226 0.5614 0.0900
vn 0.9513 0.2645 0.1582
vn 0.8450 0.5307 0.0649
vn -0.6234 0.0170 -0.7817
vn -0.7434 -0.1338 -0.6553
vn -0.8819 -0.0024 -0.4714
vn -0.8835 -0.0192 -0.4680
vn -0.5551 -0.1154 -0.8238
vn -0.5531 -0.1037 -0.8267
vn -0.8189 0.2590 0.5122
vn -0.8791 -0.1556 0.4504
vn -0.5116 0.2694 0.8159
vn -0.8802 0.0729 0.4690
vn -0.5059 0.2499 0.8256
vn -0.5097 -0.1658 -0.8442
vn -0.5695 -0.0869 -0.8174
vn 0.9237 0.3537 0.1472
vn 0.6513 0.7584 -0.0258
vn 0.7864 -0.6168 0.0347
vn 0.7604 -0.0680 -0.6459
vn 0.8345 -0.5453 0.0789
vn 0.9323 0.2918 -0.2137
vn 0.8064 0.4675 -0.3622
vn 0.8673 0.4596 -0.1913
vn 0.9084 0.4040 -0.1078
vn 0.8455 0.3006 -0.4413
vn 0.8056 0.3298 -0.4923
vn -0.1722 -0.3970 0.9015
vn -0.4008 0.8608 0.3137
vn -0.1477 0.9343 0.3245
vn -0.0424 -0.4362 0.8989
vn 0.9953 0.0561 -0.0791
vn 0.9564 0.1725 -0.2357
vn 0.6777 0.2920 -0.6749
vn 0.7357 0.5587 -0.3830
vn 0.6705 0.3018 -0.6778
vn 0.6425 0.4390 -0.6280
vn -0.2982 -0.6507 0.6983
vn 0.2553 -0.7982 0.5456
vn -0.0066 -0.8791 0.4766
vn -0.2540 -0.3539 0.9001
vn -0.8624 0.4060 -0.3024
vn -0.7200 0.6109 -0.3292
vn -0.7867 0.6171 0.0148
vn -0.7202 0.6903 -0.0695
vn -0.3370 0.5588 0.7577
vn 0.0570 0.1096 0.9923
vn -0.1252 0.2025 0.9712
vn -0.2694 0.6299 -0.7284
vn -0.3012 0.4161 -0.8580
vn -0.4029 0.8487 -0.3427
vn -0.4831 0.3710 -0.7931
vn -0.7568 0.5996 -0.2604
vn -0.7463 0.6226 -0.2352
vn -0.3506 -0.9239 -0.1536
vn -0.0073 -0.9921 -0.1254
vn 0.0034 -0.9983 0.0580
vn -0.1757 -0.9437 -0.2805
vn -0.2114 0.2718 -0.9388
vn -0.3695 0.5197 -0.7704
vn -0.1760 0.3177 -0.9317
vn -0.3955 0.2957 -0.8696
vn -0.1558 0.5795 -0.7999
vn -0.1832 0.6087 -0.7720
vn 0.6752 0.0318 -0.7369
vn 0.3809 -0.2081 -0.9009
vn 0.6981 0.0178 -0.7158
vn 0.6833 -0.1346 -0.7177
vn 0.0343 -0.5144 0.8569
vn -0.2273 -0.6176 0.7529
vn 0.2809 0.8175 0.5028
vn 0.7251 0.6679 0.1674
vn 0.5766 0.6892 0.4388
vn 0.6400 0.7683 -0.0148
vn -0.5665 -0.1399 0.8121
vn -0.5754 -0.0546 0.8161
vn -0.9495 -0.0711 0.3057
vn -0.1181 0.0133 0.9929
vn -0.5244 -0.2107 0.8250
vn 0.0754 -0.1365 0.9878
vn -0.5236 -0.1963 0.8290
vn 0.0920 0.9590 0.2681
vn -0.0177 0.9151 0.4029
vn 0.2205 0.5554 0.8018
vn 0.4272 0.7436 0.5144
vn 0.1914 0.5566 0.8085
vn 0.9329 0.2871 0.2176
vn 0.9627 0.1607 0.2176
vn 0.9431 0.2713 0.1923
vn 0.8369 0.2608 0.4813
vn 0.9630 0.1617 0.2158
vn -0.3769 0.9222 -0.0870
vn -0.4079 0.8929 -0.1906
vn -0.3305 0.3382 -0.8811
vn -0.0996 0.2546 -0.9619
vn -0.0776 0.3899 -0.9176
vn -0.3297 0.2843 -0.9003
vn 0.6653 0.1063 0.7389
vn 0.8742 0.0254 0.4848
vn 0.7521 0.0061 0.6590
vn 0.9957 -0.0778 0.0498
vn 0.9261 -0.3743 0.0463
vn -0.8076 0.5625 0.1772
vn -0.7112 0.5273 0.4648
vn -0.6486 0.7446 0.1576
vn -0.6166 0.7262 0.3042
vn -0.6740 0.5748 0.4640
vn -0.7884 0.6008 0.1323
vn -0.9993 0.0067 -0.0368
vn -0.8355 -0.0695 -0.5451
vn -0.8869 0.3713 -0.2748
vn -0.9102 -0.1979 -0.3637
vn -0.9634 0.2678 -0.0093
vn -0.8388 0.1576 -0.5212
vn 0.5992 0.8004 0.0204
vn 0.6466 0.7562 0.1007
vn 0.5097 0.7908 0.3390
vn 0.6018 0.7320 0.3195
vn 0.8843 -0.3714 -0.2830
vn 0.7848 -0.5062 -0.3576
vn 0.6474 -0.4110 -0.6418
vn 0.7865 -0.3087 -0.5348
vn 0.6470 -0.4066 -0.6450
vn 0.8778 -0.4087 -0.2499
vn -0.0281 -0.6663 0.7452
vn 0.0141 -0.8949 0.4461
vn 0.0109 -0.6887 0.7249
vn -0.2176 -0.6265 0.7485
vn -0.2751 -0.9364 0.2181
vn -0.1332 -0.6179 0.7749
vn -0.0987 -0.9826 0.1571
vn -0.1396 -0.9834 0.1155
vn -0.3457 -0.9311 0.1164
vn -0.3660 -0.9005 0.2349
vn -0.1305 -0.9166 0.3780
vn -0.3026 -0.8812 0.3634
vn 0.6923 -0.2211 -0.6869
vn 0.7283 -0.5796 -0.3655
vn 0.8654 -0.2428 -0.4384
vn 0.7113 -0.5941 -0.3757
vn 0.6247 -0.3448 -0.7006
vn 0.5713 -0.6051 -0.5545
vn 0.4508 0.2463 0.8580
vn 0.1948 0.3031 0.9328
vn 0.3492 0.3227 0.8797
vn 0.2330 0.2245 0.9462
vn 0.4447 0.2310 0.8654
vn 0.2139 0.3173 0.9239
vn -0.8416 0.5180 -0.1530
vn -0.9515 0.2735 0.1411
vn -0.9473 0.2525 -0.1974
vn -0.8529 0.5163 0.0770
vn -0.9569 0.2593 0.1310
vn -0.7284 0.6222 -0.2870
vn -0.8713 0.4822 -0.0913
vn 0.1468 0.5283 -0.8363
vn 0.2016 0.2964 -0.9335
vn 0.2182 0.2790 -0.9352
vn 0.1865 0.5711 -0.7994
vn 0.4505 0.5476 -0.7051
vn 0.5329 0.3000 -0.7912
vn 0.6731 -0.0809 0.7351
vn -0.1175 0.9620 -0.2466
vn -0.0428 0.9087 -0.4153
vn -0.4254 0.7228 -0.5447
vn -0.2907 0.9314 -0.2191
vn 0.1453 -0.9894 -0.0023
vn -0.1489 -0.9888 0.0024
vn 0.2465 -0.9382 0.2429
vn 0.2064 -0.9328 0.2954
vn 0.8217 -0.5530 0.1380
vn 0.8662 -0.4438 0.2297
vn 0.4345 -0.8946 0.1041
vn 0.8023 -0.5221 0.2894
vn 0.7601 0.1604 -0.6297
vn 0.7567 0.1787 -0.6288
vn 0.8652 0.1390 -0.4817
vn 0.9290 0.3206 -0.1848
vn 0.9592 0.1728 -0.2238
vn 0.4322 -0.8584 -0.2761
vn -0.4848 -0.4278 0.7629
vn 0.3610 -0.8772 -0.3166
vn -0.1133 -0.5380 0.8353
vn -0.7747 -0.4713 -0.4216
vn -0.8458 -0.4723 -0.2481
vn -0.9727 0.1492 -0.1780
vn -0.8729 0.1314 -0.4699
vn -0.7746 -0.4433 -0.4511
vn -0.9602 0.1628 -0.2272
vn -0.0803 0.4944 0.8655
vn 0.0939 0.0620 0.9936
vn -0.0208 0.1281 0.9915
vn 0.4008 -0.0039 0.9161
vn 0.1686 -0.1526 0.9738
vn 0.1310 0.0865 0.9876
vn -0.2697 -0.1720 0.9475
vn 0.2165 -0.1780 0.9599
vn 0.0669 0.0660 -0.9956
vn 0.3016 0.6217 -0.7228
vn 0.3947 0.3081 -0.8656
vn 0.1039 0.0601 -0.9928
vn 0.0894 0.2980 -0.9504
vn 0.4154 0.6055 -0.6788
vn -0.0975 0.9080 0.4074
vn -0.2111 0.9608 0.1797
vn -0.2289 0.9578 0.1741
vn -0.4007 0.8119 0.4246
vn -0.7253 0.1398 0.6741
vn -0.7485 0.2827 0.5998
vn -0.4316 0.2749 0.8592
vn -0.7598 0.1543 0.6316
vn -0.7853 0.2562 0.5636
vn -0.4485 0.1748 0.8765
vn -0.3842 0.2372 0.8923
vn 0.9851 -0.0794 -0.1525
vn 0.9431 0.2987 -0.1460
vn 0.8011 0.3049 -0.5151
vn 0.8462 0.0190 -0.5326
vn 0.7958 0.2868 -0.5334
vn 0.9966 0.0030 -0.0828
vn -0.9622 -0.1124 0.2482
vn -0.9799 -0.0666 -0.1882
vn -0.9210 -0.3640 0.1390
vn -0.6853 -0.2020 -0.6997
vn -0.6221 -0.2948 -0.7253
vn -0.5615 -0.6068 -0.5625
vn -0.7152 -0.5937 -0.3688
vn -0.8454 -0.4452 0.2951
vn -0.8092 -0.5791 -0.0988
vn 0.1948 0.0593 -0.9790
vn -0.2081 0.0580 -0.9764
vn 0.1956 0.2904 -0.9367
vn 0.1752 0.3168 -0.9322
vn 0.1572 0.1353 0.9782
vn 0.1332 0.2218 0.9659
vn 0.3127 0.8733 -0.3736
vn 0.1349 0.9777 -0.1611
vn 0.1495 0.9729 0.1764
vn 0.4324 0.8825 0.1850
vn 0.4585 0.8447 -0.2762
vn -0.2550 0.6411 0.7238
vn -0.1893 0.7883 0.5854
vn 0.9781 -0.0100 0.2077
vn 0.8946 -0.0215 0.4464
vn 0.7817 0.6012 0.1661
vn 0.9842 -0.0781 0.1591
vn -0.3567 -0.3168 -0.8788
vn -0.2325 -0.6813 -0.6941
vn -0.7358 -0.2146 -0.6423
vn -0.2609 -0.3953 -0.8807
vn -0.0941 -0.5992 0.7950
vn -0.0492 -0.5456 0.8366
vn -0.0582 -0.1325 0.9895
vn -0.4280 -0.5508 0.7166
vn -0.0374 -0.1810 0.9828
vn 0.4306 0.0482 0.9012
vn 0.5621 0.7730 0.2942
vn 0.3137 0.8792 0.3586
vn 0.4917 0.7991 0.3460
vn 0.5241 0.0381 0.8508
vn 0.8332 0.0279 -0.5522
vn 0.6633 0.0145 -0.7482
vn 0.8186 0.0466 -0.5725
vn -0.0213 0.0438 -0.9988
vn 0.0232 0.9989 0.0403
vn 0.6601 -0.6588 0.3608
vn 0.0492 -0.9919 0.1175
vn 0.0228 -0.8331 0.5526
vn 0.2416 -0.9701 0.0241
vn 0.2336 -0.6647 0.7096
vn 0.5984 -0.5882 0.5440
vn -0.0727 0.7370 -0.6719
vn -0.2171 0.9106 -0.3516
vn 0.1087 0.9882 -0.1075
vn 0.2960 0.9029 -0.3116
vn 0.2125 0.7778 -0.5915
vn -0.9599 0.1564 -0.2327
vn -0.6548 -0.0821 -0.7513
vn -0.4667 0.5701 -0.6762
vn -0.4431 0.2326 -0.8658
vn -0.9639 0.1593 0.2132
vn -0.8732 0.0085 0.4872
vn -0.9747 0.0387 0.2203
vn -0.5502 -0.0444 -0.8339
vn -0.9583 -0.1540 -0.2407
vn 0.8248 -0.5571 0.0968
vn 0.4383 -0.8284 0.3489
vn 0.4398 -0.8626 0.2500
vn 0.5838 -0.8119 0.0010
vn 0.7686 -0.6382 -0.0442
vn 0.6063 -0.5859 0.5376
vn 0.7357 -0.5322 0.4189
vn -0.2195 -0.9704 -0.1009
vn -0.2475 -0.9203 -0.3029
vn -0.2317 -0.9184 -0.3208
vn -0.1276 -0.9489 -0.2887
vn -0.6103 -0.2847 0.7392
vn -0.0950 -0.7026 0.7052
vn -0.2455 -0.3332 0.9103
vn -0.2861 -0.2993 0.9102
vn 0.8443 0.2246 0.4866
vn 0.8442 0.2214 0.4882
vn 0.8774 -0.1413 0.4586
vn 0.9294 -0.1542 0.3352
vn 0.6494 0.7190 -0.2476
vn 0.6550 0.7100 -0.2585
vn 0.2368 0.7683 -0.5947
vn 0.5365 0.6545 -0.5328
vn -0.6345 0.7620 -0.1297
vn -0.8234 0.5559 0.1134
vn -0.7910 0.5741 -0.2114
vn -0.6399 0.7677 0.0360
vn -0.8529 -0.3862 -0.3514
vn -0.8553 -0.4760 -0.2046
vn -0.9306 -0.3611 0.0597
vn -0.9963 -0.0571 0.0639
vn 0.4472 0.8427 0.2998
vn 0.7192 0.6251 0.3033
vn 0.2272 0.7426 0.6300
vn 0.5890 0.5430 0.5985
vn 0.8357 -0.3856 -0.3910
vn 0.9733 0.0166 -0.2288
vn 0.8136 0.1358 -0.5654
vn 0.9332 0.1526 -0.3255
vn 0.6374 -0.1308 0.7593
vn 0.4903 -0.2918 0.8213
vn 0.1751 -0.1504 0.9730
vn -0.3219 0.9276 -0.1895
vn 0.0962 0.7064 -0.7013
vn 0.2613 0.1306 0.9564
vn -0.8938 0.4135 0.1735
vn -0.9326 0.3500 -0.0874
vn -0.7952 0.6037 -0.0569
vn -0.9032 0.4046 -0.1436
vn -0.1349 0.1333 -0.9818
vn -0.3971 0.3251 -0.8583
vn -0.4072 0.3198 -0.8555
vn 0.2145 0.7884 0.5765
vn 0.0440 0.7110 0.7018
vn 0.1027 0.9070 0.4084
vn 0.6693 -0.3958 -0.6288
vn 0.7790 -0.4527 -0.4338
vn 0.7936 -0.4379 -0.4225
vn -0.0205 0.1275 0.9916
vn 0.0407 0.4526 0.8908
vn -0.0789 0.2756 0.9580
vn -0.0103 0.1288 0.9916
vn -0.0604 0.4262 0.9026
vn 0.8832 -0.4563 -0.1082
vn 0.9745 -0.0662 -0.2145
vn 0.9575 -0.1141 0.2648
vn 0.9719 -0.0760 -0.2227
vn 0.8749 -0.4577 0.1586
vn 0.4378 -0.3382 -0.8330
vn 0.6830 -0.1056 -0.7227
vn 0.7256 0.1395 0.6738
vn 0.7610 0.2931 0.5788
vn 0.7901 0.2707 0.5499
vn 0.7741 0.1592 0.6128
vn 0.4887 0.1726 0.8552
vn -0.9867 -0.0604 -0.1507
vn -0.9962 0.0220 -0.0841
vn -0.8013 0.2804 -0.5284
vn -0.9441 0.2902 -0.1561
vn -0.7149 -0.3951 0.5769
vn -0.5387 -0.7217 0.4347
vn -0.3881 -0.7384 0.5515
vn -0.6940 -0.3198 0.6450
vn -0.4268 -0.3567 0.8310
vn -0.3448 -0.6560 0.6714
vn -0.1655 -0.8802 -0.4448
vn 0.1497 -0.9426 -0.2984
vn 0.1172 -0.9565 0.2671
vn -0.2698 -0.9413 0.2028
vn -0.2721 -0.9072 -0.3209
vn 0.6331 0.3293 0.7005
vn 0.8279 0.5396 0.1532
vn 0.7637 0.5970 0.2457
vn 0.7994 0.1392 0.5845
vn 0.9200 0.2244 0.3214
vn -0.1674 0.5730 -0.8023
vn 0.0172 0.7874 -0.6162
vn 0.7841 -0.1680 0.5974
vn -0.5229 -0.8095 -0.2670
vn 0.5370 -0.3039 0.7869
vn -0.3498 -0.2482 -0.9033
vn -0.4728 -0.8696 0.1423
vn -0.4423 -0.8796 0.1752
vn -0.8571 -0.4486 0.2532
vn -0.4511 -0.8646 0.2212
vn -0.7841 -0.3599 -0.5056
vn -0.5209 -0.2138 -0.8264
vn -0.8052 -0.2421 -0.5414
vn 0.4366 -0.3049 0.8464
vn 0.2865 -0.6220 0.7287
vn 0.2103 -0.2675 0.9403
vn -0.0291 -0.4233 0.9055
vn 0.9607 0.2738 -0.0458
vn 0.9971 0.0011 -0.0766
vn 0.9264 0.3645 0.0949
vn -0.2835 0.8726 0.3976
vn -0.4499 0.8916 0.0509
vn -0.5129 0.7931 0.3286
vn -0.4768 0.7928 0.3795
vn -0.3114 0.9414 0.1299
vn 0.1468 0.2863 0.9468
vn -0.1615 0.2847 0.9449
vn 0.0763 0.4932 0.8666
vn 0.9597 0.2262 0.1669
vn 0.9372 0.2315 -0.2609
vn 0.9177 0.2549 -0.3047
vn 0.7915 0.5638 -0.2357
vn 0.5801 -0.7988 0.1596
vn 0.5587 -0.7796 0.2830
vn 0.3526 -0.9240 0.1478
vn 0.5627 -0.7785 0.2782
vn 0.3514 -0.9242 0.1498
vn 0.3667 -0.8971 0.2463
vn -0.5658 -0.4924 -0.6613
vn -0.2359 -0.8690 -0.4350
vn -0.5107 -0.4086 -0.7564
vn 0.0338 -0.6118 -0.7903
vn -0.0652 -0.3960 -0.9159
vn 0.4325 -0.8581 0.2767
vn 0.2877 -0.5737 0.7669
vn 0.2670 -0.5671 0.7792
vn 0.2548 -0.6615 0.7054
vn -0.4411 0.0319 -0.8969
vn -0.1105 -0.0758 -0.9910
vn -0.1549 0.0301 -0.9875
vn -0.0733 -0.2002 0.9770
vn 0.5503 -0.1888 0.8133
vn -0.0893 -0.1320 0.9872
vn 0.0985 0.0084 0.9951
vn 0.5530 -0.2246 0.8023
vn 0.3916 -0.3238 0.8613
vn -0.1157 0.9915 0.0594
vn -0.0740 0.9971 -0.0171
vn -0.3621 0.9321 -0.0068
vn -0.4970 -0.0408 -0.8668
vn -0.4968 0.2843 -0.8200
vn -0.6777 -0.1904 -0.7102
vn -0.5834 0.3509 -0.7325
vn 0.1589 0.3191 -0.9343
vn -0.1307 0.3054 -0.9432
vn -0.1599 0.3207 -0.9336
vn 0.1668 0.4788 -0.8619
vn 0.1313 0.3052 -0.9432
vn -0.2734 0.4676 0.8406
vn -0.2015 0.0343 0.9789
vn -0.1197 0.0804 0.9896
vn -0.4539 0.0397 0.8902
vn -0.4937 0.3788 0.7828
vn 0.1487 0.9646 -0.2178
vn 0.1488 0.8573 -0.4929
vn 0.2338 0.9547 -0.1843
vn 0.0645 0.9562 -0.2856
vn 0.4389 -0.3644 0.8213
vn 0.6876 -0.3458 0.6385
vn 0.4426 0.1437 0.8851
vn 0.4225 -0.3280 0.8450
vn -0.9861 -0.0580 0.1555
vn -0.5606 -0.4681 -0.6831
vn -0.6071 -0.5030 -0.6151
vn -0.4549 -0.7620 -0.4609
vn -0.2932 -0.8259 -0.4816
vn -0.2730 -0.8221 -0.4996
vn 0.9848 0.0772 -0.1558
vn 0.9667 0.1356 0.2169
vn 0.9855 0.1222 -0.1179
vn -0.0962 0.2518 -0.9630
vn -0.5479 0.7890 0.2780
vn -0.8910 -0.0153 0.4537
vn -0.7658 0.6212 0.1665
vn -0.6912 0.6896 0.2160
vn -0.5676 0.7768 0.2729
vn -0.5608 -0.7696 -0.3052
vn -0.5621 -0.7694 -0.3035
vn -0.6760 -0.4033 -0.6167
vn -0.5308 -0.6956 -0.4842
vn 0.0361 0.1222 0.9918
vn 0.0959 0.2646 0.9596
vn 0.0728 0.4555 0.8873
vn 0.0244 -0.1725 -0.9847
vn 0.1370 -0.1071 -0.9848
vn 0.3796 0.3154 -0.8698
vn -0.3040 0.9391 -0.1605
vn -0.3219 0.9458 0.0437
vn -0.1617 0.9630 -0.2157
vn -0.0532 0.9957 0.0757
vn -0.4055 0.1419 0.9030
vn -0.1923 0.1524 0.9694
vn -0.3527 0.1710 0.9200
vn 0.9477 0.2447 -0.2048
vn 0.9568 0.2500 0.1486
vn -0.6225 -0.5667 0.5398
vn -0.6810 -0.6266 0.3790
vn -0.4519 -0.8819 -0.1345
vn -0.4566 -0.8804 -0.1286
vn -0.4649 -0.8446 -0.2654
vn -0.7756 -0.5210 0.3563
vn -0.4708 -0.4095 0.7815
vn -0.8004 -0.3851 0.4594
vn -0.8286 -0.4173 0.3733
vn -0.5037 0.8184 0.2767
vn -0.7665 0.4917 -0.4132
vn -0.9585 0.2032 -0.2002
vn -0.5055 0.8224 -0.2612
vn -0.4425 -0.8561 -0.2668
vn -0.4784 -0.8473 -0.2306
vn -0.4757 -0.8505 0.2242
vn -0.2050 0.0023 -0.9788
vn -0.5512 0.0100 -0.8343
vn -0.2155 0.0155 -0.9764
vn 0.8156 -0.4668 -0.3419
vn 0.8966 -0.2868 -0.3375
vn 0.6714 -0.0463 -0.7397
vn 0.6705 0.7031 0.2367
vn 0.6612 0.7105 0.2408
vn 0.5640 0.7647 0.3117
vn 0.1622 -0.6411 -0.7502
vn 0.1686 -0.6499 -0.7411
vn 0.3951 -0.6483 -0.6509
vn -0.4456 0.6257 0.6402
vn -0.7593 0.3733 0.5330
vn -0.7351 0.4109 0.5393
vn -0.7200 0.4969 0.4845
vn -0.7119 0.4794 0.5132
vn -0.6363 0.0296 -0.7708
vn -0.4090 0.1473 -0.9006
vn -0.6453 0.1552 -0.7480
vn -0.6141 0.1758 -0.7694
vn -0.3850 -0.8702 -0.3074
vn 0.8421 -0.1920 -0.5041
vn 0.7914 -0.2666 -0.5501
vn 0.9607 -0.2144 -0.1763
vn 0.9616 -0.1935 -0.1946
vn -0.7379 -0.6499 0.1819
vn -0.0485 -0.9855 0.1625
vn -0.5762 -0.8125 -0.0886
vn -0.7798 -0.6209 -0.0796
vn -0.5738 -0.8137 -0.0934
vn 0.4049 0.3145 -0.8586
vn 0.4569 0.2440 -0.8554
vn -0.0994 0.4492 0.8879
vn -0.0930 0.3214 0.9424
vn 0.1337 0.4659 0.8747
vn -0.9535 0.2288 0.1963
vn -0.6470 0.0190 -0.7623
vn -0.9071 -0.4013 0.1270
vn -0.8971 -0.1543 0.4140
vn -0.7995 -0.4973 0.3368
vn -0.9419 -0.1918 0.2759
vn -0.0964 0.2449 -0.9647
vn -0.2422 0.5136 -0.8231
vn -0.5209 0.4948 0.6956
vn -0.4599 0.7872 0.4109
vn -0.6115 0.5918 0.5252
vn 0.8745 -0.2929 0.3866
vn 0.9237 -0.1975 -0.3284
vn 0.9255 -0.0440 -0.3762
vn 0.9466 -0.0776 -0.3130
vn 0.1564 -0.6317 0.7593
vn 0.1771 -0.3464 0.9212
vn -0.2153 -0.9754 0.0466
vn -0.4485 -0.8883 0.0991
vn -0.4721 -0.8783 0.0756
vn -0.2191 -0.9704 -0.1013
vn -0.6167 0.1666 0.7694
vn -0.5976 0.2782 0.7520
vn 0.7792 0.5919 -0.2061
vn 0.6815 0.7154 -0.1540
vn 0.6918 0.7216 0.0276
vn 0.8350 0.5309 -0.1447
vn 0.4395 -0.8252 0.3548
vn 0.4028 -0.8854 0.2322
vn 0.3922 -0.3145 -0.8645
vn 0.7188 -0.1425 -0.6804
vn 0.4605 -0.8580 0.2276
vn 0.4927 -0.0509 -0.8687
vn 0.2905 -0.1148 -0.9500
vn 0.0994 0.1168 -0.9882
vn 0.5060 0.2233 -0.8331
vn 0.2674 0.3141 -0.9110
vn -0.7961 -0.4883 0.3574
vn -0.6152 -0.1241 0.7785
vn -0.5558 -0.3501 0.7540
vn 0.2120 -0.9155 -0.3418
vn 0.1223 -0.7816 -0.6117
vn -0.0860 -0.7358 -0.6717
vn 0.4256 0.2045 0.8815
vn 0.1369 0.3284 0.9345
vn 0.0339 0.2644 0.9638
vn 0.5497 -0.3627 -0.7525
vn 0.1210 -0.3921 -0.9119
vn -0.0477 -0.2592 -0.9646
vn -0.1396 0.6172 0.7744
vn -0.1679 0.6557 0.7361
vn -0.3813 0.2638 0.8860
vn 0.4409 -0.1719 0.8810
vn 0.4471 -0.1861 0.8749
vn 0.8771 -0.2233 -0.4252
vn 0.8984 0.1171 -0.4233
vn 0.8851 0.0725 -0.4597
vn -0.4946 -0.8172 -0.2959
vn -0.3409 -0.4874 -0.8039
vn -0.3007 -0.5275 -0.7945
vn -0.6950 0.5541 -0.4583
vn -0.5573 0.2814 -0.7812
vn -0.6324 0.5949 -0.4962
vn -0.8857 -0.4526 -0.1028
vn -0.8286 -0.5504 -0.1021
vn -0.7842 -0.6171 0.0653
vn -0.9007 -0.3835 0.2039
vn 0.3503 -0.5143 -0.7828
vn 0.1057 -0.7697 -0.6296
vn 0.1803 -0.5429 -0.8202
vn 0.0275 -0.2399 0.9704
vn 0.5085 -0.0325 -0.8605
vn 0.5053 -0.1155 -0.8552
vn -0.4425 0.3204 -0.8376
vn 0.8513 -0.0468 -0.5225
vn -0.5738 0.4678 -0.6722
vn -0.7537 0.3283 -0.5694
vn -0.6040 0.2858 -0.7439
vn -0.7509 0.3614 -0.5527
vn -0.9802 -0.0453 -0.1925
vn -0.3992 0.5498 0.7337
vn -0.8109 0.3113 0.4955
vn -0.8905 -0.3604 -0.2778
vn 0.3153 0.4742 0.8220
vn 0.5582 0.2510 -0.7908
vn -0.3668 0.8789 0.3050
vn -0.3322 0.7245 0.6040
vn 0.0730 0.5428 0.8367
vn 0.6932 0.6312 -0.3480
vn 0.5404 -0.8112 0.2236
vn 0.3665 -0.9229 -0.1178
vn 0.5450 -0.8295 -0.1217
vn -0.4485 0.7241 -0.5240
vn -0.5595 0.7450 -0.3633
vn 0.3728 -0.9094 0.1846
vn 0.3958 -0.8965 -0.1992
vn 0.4571 -0.8483 -0.2672
vn 0.1558 0.5726 -0.8049
vn 0.1519 0.5762 -0.8031
vn 0.7803 -0.3820 0.4952
vn 0.7973 -0.2567 0.5463
vn 0.9628 -0.2304 0.1412
vn 0.7832 -0.3852 0.4881
vn 0.9052 -0.3764 0.1971
vn 0.6106 0.2716 -0.7439
vn 0.5127 0.8181 -0.2604
vn 0.2036 0.9148 -0.3489
vn 0.7742 0.4699 -0.4241
vn 0.0695 0.7425 -0.6662
vn 0.2467 0.4990 -0.8308
vn -0.6220 -0.2753 0.7330
vn -0.7410 -0.3494 0.5734
vn 0.7421 0.4874 0.4601
vn 0.7259 0.4522 0.5183
vn -0.6733 -0.0440 -0.7380
vn -0.5211 -0.2317 -0.8215
vn -0.8929 -0.3021 -0.3337
vn -0.9544 -0.0099 0.2983
vn -0.6656 0.6973 -0.2660
vn -0.9338 0.3410 0.1082
vn -0.5729 -0.0061 0.8196
vn -0.7063 0.3166 0.6332
vn -0.8564 0.3871 0.3416
vn -0.8957 -0.0770 0.4379
vn 0.5420 -0.7986 -0.2618
vn 0.6742 -0.6566 -0.3382
vn 0.2429 -0.9700 -0.0117
vn 0.7962 -0.5811 -0.1685
vn 0.7012 -0.4060 0.5861
vn 0.5221 -0.7154 0.4644
vn -0.5125 0.8339 -0.2047
vn -0.5928 0.8043 -0.0395
vn -0.4448 0.8935 0.0617
vn -0.5750 0.8176 0.0309
vn -0.6784 -0.7166 0.1620
vn -0.4100 -0.8327 0.3722
vn 0.7390 0.6346 0.2260
vn 0.6991 0.6566 0.2832
vn -0.0817 0.9548 -0.2859
vn -0.4318 0.8359 -0.3388
vn -0.4350 0.8600 -0.2667
vn -0.4008 0.2220 -0.8889
vn -0.7747 0.2039 -0.5985
vn -0.7831 0.1493 -0.6037
vn -0.7323 0.1236 -0.6696
vn -0.6815 0.2456 -0.6894
vn 0.5230 0.5859 0.6190
vn 0.4592 0.4430 0.7699
vn 0.3336 0.6683 0.6649
vn 0.4740 0.6333 0.6118
vn 0.5443 0.4417 0.7132
vn -0.3109 -0.9239 -0.2231
vn -0.2365 -0.9081 -0.3457
vn 0.4224 -0.7516 -0.5067
vn -0.9304 -0.1589 0.3302
vn -0.8343 -0.5365 0.1266
vn -0.8138 -0.5017 0.2935
vn -0.9729 -0.1765 0.1495
vn -0.9272 -0.1687 0.3344
vn -0.8285 -0.5439 0.1333
vn -0.2190 -0.0304 0.9753
vn -0.3275 -0.0107 0.9448
vn 0.0064 -0.4953 0.8687
vn -0.0750 -0.1724 0.9822
vn -0.9257 0.2814 -0.2527
vn -0.5775 0.1921 -0.7935
vn 0.8444 -0.5005 0.1908
vn 0.5514 -0.8232 -0.1353
vn -0.1538 -0.5095 -0.8466
vn -0.4595 -0.2958 -0.8375
vn -0.6019 0.1225 0.7891
vn -0.3510 0.1919 0.9165
vn -0.1491 -0.0274 0.9884
vn 0.5207 0.2416 0.8188
vn 0.3416 0.2771 -0.8981
vn 0.4146 0.4713 -0.7785
vn 0.4654 0.3149 -0.8272
vn 0.3025 0.5593 0.7718
vn -0.4584 -0.4637 -0.7582
vn -0.1395 -0.7352 -0.6633
vn -0.0415 -0.3986 -0.9162
vn -0.4132 -0.7109 -0.5691
vn -0.0621 -0.3893 -0.9190
vn 0.4088 -0.8906 0.1993
vn 0.3851 -0.8728 0.2998
vn 0.1442 -0.9671 0.2097
vn 0.9944 -0.0077 0.1056
vn 0.7864 -0.5949 -0.1663
vn 0.8523 -0.4776 0.2133
vn 0.1341 0.0168 0.9908
vn 0.9263 -0.2421 -0.2887
vn 0.8951 -0.2699 0.3548
vn 0.0570 0.1444 -0.9879
vn -0.0895 0.0552 -0.9945
vn -0.0483 0.1201 -0.9916
vn 0.0949 -0.0278 -0.9951
vn -0.5687 0.0708 0.8195
vn -0.5219 -0.1505 0.8396
vn -0.6088 -0.0029 0.7934
vn -0.1606 -0.2665 0.9504
vn -0.5569 -0.8214 -0.1233
vn -0.7531 -0.5617 -0.3424
vn -0.5599 -0.8158 0.1446
vn -0.9687 0.0604 0.2408
vn -0.9742 0.0660 -0.2160
vn 0.1171 0.9654 -0.2332
vn 0.2881 0.9325 -0.2179
vn 0.0313 0.9088 -0.4161
vn 0.1748 0.7345 -0.6558
vn 0.6282 0.1764 0.7578
vn 0.6076 0.2834 0.7419
vn 0.7070 0.3324 0.6242
vn -0.5437 0.8323 0.1076
vn -0.3057 0.3565 -0.8829
vn -0.2958 -0.1109 -0.9488
vn -0.1053 0.1228 -0.9868
vn 0.7736 0.6275 0.0881
vn 0.6120 0.7902 -0.0321
vn -0.0403 -0.8042 -0.5931
vn 0.0472 -0.7833 -0.6198
vn 0.0703 -0.3763 -0.9238
vn 0.1211 -0.4192 -0.8998
vn -0.0399 -0.8318 0.5537
vn -0.3088 -0.8416 0.4431
vn -0.1082 -0.8773 0.4676
vn -0.4153 0.6112 -0.6737
vn -0.3106 0.6229 -0.7180
vn -0.1013 0.2906 -0.9515
vn 0.1350 0.4093 0.9024
vn 0.4687 0.5045 0.7251
vn 0.3832 0.4193 0.8230
vn 0.2338 0.7842 0.5748
vn 0.9094 -0.1638 -0.3822
vn 0.8548 0.1321 -0.5018
vn 0.8517 -0.0567 -0.5209
vn 0.9007 0.3460 -0.2628
vn 0.4205 -0.8407 0.3412
vn 0.3617 -0.6958 0.6205
vn 0.6617 -0.7169 0.2195
vn 0.1242 -0.3154 0.9408
vn 0.3585 0.9325 -0.0445
vn 0.7861 0.5779 0.2191
vn 0.7209 0.6810 -0.1285
vn 0.3340 0.9425 0.0145
vn 0.7822 0.6216 -0.0425
vn -0.9459 -0.2809 0.1623
vn -0.7985 -0.5316 0.2826
vn -0.7339 -0.4892 0.4713
vn -0.9416 -0.0485 -0.3334
vn -0.5567 -0.0313 -0.8301
vn -0.5380 -0.1121 -0.8354
vn 0.0711 0.9973 -0.0180
vn 0.9412 0.2778 -0.1923
vn 0.9047 0.3965 0.1561
vn 0.1687 0.0040 -0.9857
vn 0.5015 -0.0266 -0.8648
vn -0.1158 0.5617 0.8192
vn 0.6622 0.5780 0.4768
vn 0.5598 0.4230 0.7125
vn 0.7200 0.5064 0.4745
vn 0.7372 0.4198 0.5295
vn 0.5457 -0.4677 -0.6953
vn 0.2783 -0.8065 -0.5216
vn -0.5666 0.7504 0.3404
vn -0.4272 0.5546 0.7141
vn 0.0864 0.2160 -0.9726
vn -0.6137 0.7291 0.3028
vn -0.1122 0.9764 0.1847
vn -0.0602 0.5576 0.8279
vn -0.1449 0.4216 0.8951
vn -0.3246 0.9435 0.0665
vn -0.4392 0.4811 0.7587
vn 0.3239 -0.8499 -0.4157
vn 0.3000 -0.7608 -0.5755
vn -0.0956 -0.8406 -0.5332
vn -0.0089 0.9975 0.0697
vn 0.4182 0.7351 0.5336
vn 0.4556 -0.8847 -0.0987
vn 0.4658 -0.8406 -0.2765
vn 0.1771 0.1576 0.9715
vn 0.3437 0.1768 0.9223
vn -0.9570 -0.0216 -0.2892
vn -0.9753 -0.0206 0.2198
vn 0.0799 -0.8364 0.5422
vn 0.1724 -0.9404 0.2930
vn 0.1814 -0.6550 0.7336
vn 0.5646 0.0333 -0.8247
vn 0.5605 0.0274 -0.8277
vn 0.2188 0.0355 -0.9751
vn 0.5433 0.2899 -0.7879
vn -0.1980 -0.9782 0.0620
vn -0.1935 -0.3612 -0.9122
vn -0.1544 -0.6499 -0.7442
vn -0.1900 -0.3551 -0.9153
vn 0.9173 0.3173 0.2404
vn 0.7858 0.3427 0.5148
vn 0.7002 0.3401 -0.6278
vn -0.3595 0.8706 0.3359
vn -0.5386 0.7895 0.2942
vn -0.6722 -0.5077 -0.5388
vn -0.4427 -0.4705 -0.7633
vn -0.7018 -0.6024 -0.3803
vn -0.5493 -0.7514 -0.3656
vn -0.2605 -0.6002 0.7562
vn 0.6426 0.0362 -0.7653
vn 0.8382 0.1692 -0.5184
vn 0.6508 0.1661 -0.7408
vn 0.8344 0.1726 -0.5235
vn -0.1471 0.9189 0.3660
vn -0.0828 0.8943 0.4397
vn -0.2114 0.7400 0.6385
vn 0.3223 -0.5031 0.8019
vn 0.1555 -0.1894 0.9695
vn 0.6809 0.5728 -0.4564
vn -0.1407 -0.9871 -0.0760
vn 0.1087 -0.9877 -0.1120
vn 0.1058 -0.9828 0.1517
vn 0.0994 -0.9824 0.1580
vn -0.0689 -0.9863 -0.1498
vn 0.0716 -0.9861 -0.1496
vn -0.8939 0.1064 -0.4354
vn -0.7003 0.1148 -0.7045
vn -0.6888 0.0872 -0.7197
vn -0.5270 0.3821 -0.7591
vn -0.6491 0.4124 -0.6392
vn -0.5453 0.3757 -0.7493
vn -0.1660 0.4412 0.8819
vn 0.1682 0.4407 0.8818
vn -0.1086 -0.5851 0.8036
vn -0.2289 -0.9161 0.3293
vn 0.3032 -0.9387 0.1642
vn -0.1239 -0.9714 0.2026
vn -0.1648 -0.6273 0.7612
vn -0.1808 -0.6498 0.7383
vn -0.0857 -0.8993 0.4289
vn 0.4349 -0.8918 -0.1246
vn 0.9599 0.1584 0.2315
vn 0.8884 0.1314 0.4399
vn 0.9460 0.2460 0.2112
vn -0.9702 0.1463 0.1930
vn -0.7981 -0.5276 0.2910
vn 0.8534 0.0351 -0.5201
vn 0.4333 0.5444 0.7183
vn 0.4248 0.3041 0.8527
vn 0.0691 0.9949 0.0740
vn -0.2783 0.7485 -0.6019
vn -0.1664 0.6214 -0.7656
vn -0.5117 0.6498 -0.5620
vn 0.3804 0.0692 0.9222
vn 0.5408 -0.1440 0.8287
vn 0.1354 0.0311 0.9903
vn 0.5301 -0.0419 0.8469
vn 0.0981 -0.1020 0.9899
vn 0.5191 -0.1517 0.8411
vn 0.6249 -0.2704 0.7324
vn 0.3032 -0.3025 0.9036
vn 0.3077 -0.7526 0.5821
vn 0.1735 -0.6987 0.6941
vn 0.2847 -0.3210 0.9033
vn -0.9196 0.0706 0.3865
vn -0.2582 -0.6487 -0.7159
vn -0.2819 -0.5210 -0.8057
vn -0.1792 0.5323 0.8274
vn -0.3942 0.2212 0.8920
vn -0.1559 0.3184 0.9351
vn -0.1273 0.4845 0.8655
vn 0.9527 0.1974 -0.2312
vn 0.2098 0.4252 -0.8805
vn 0.4919 0.4298 -0.7572
vn 0.5943 0.1773 -0.7845
vn -0.2371 -0.9182 -0.3174
vn -0.7837 -0.4431 0.4352
vn -0.7911 -0.4372 0.4277
vn -0.8815 0.1259 0.4551
vn 0.3001 0.8959 -0.3276
vn 0.1618 0.9340 -0.3184
vn 0.4082 0.8924 -0.1926
vn 0.7611 -0.5829 -0.2846
vn 0.8906 -0.4517 0.0531
vn -0.3498 0.2835 -0.8929
vn -0.3400 -0.9375 -0.0745
vn -0.3743 -0.8838 -0.2806
vn -0.3391 -0.9377 -0.0760
vn 0.0509 -0.1828 0.9818
vn 0.0420 -0.2030 0.9783
vn -0.2369 -0.2160 0.9472
vn -0.1834 0.1752 -0.9673
vn 0.1769 0.1701 -0.9694
vn 0.1769 0.1700 -0.9694
vn -0.1730 0.1660 -0.9708
vn -0.9814 -0.0065 0.1921
vn -0.2330 -0.5725 -0.7861
vn -0.5342 -0.5799 -0.6151
vn -0.4729 -0.0807 -0.8774
vn -0.2122 -0.2945 -0.9318
vn 0.0964 0.8931 0.4394
vn 0.4875 -0.7824 -0.3875
vn 0.4430 -0.8773 -0.1845
vn 0.1684 -0.8334 0.5263
vn 0.1985 -0.6391 0.7431
vn -0.3290 -0.9334 0.1432
vn 0.6967 0.1214 -0.7070
vn 0.6949 0.1168 -0.7095
vn 0.3441 0.3106 0.8861
vn -0.5047 0.8448 -0.1776
vn -0.2105 0.9177 -0.3369
vn -0.0608 0.9855 -0.1584
vn -0.4975 0.8469 0.1876
vn -0.5641 -0.7786 0.2751
vn -0.5739 -0.7756 0.2629
vn 0.8306 0.5561 -0.0297
vn -0.2088 0.2761 -0.9382
vn -0.2070 0.2780 -0.9380
vn 0.1887 -0.0021 -0.9820
vn -0.6758 0.2703 -0.6858
vn 0.4060 0.0760 0.9107
vn 0.6058 0.1087 0.7881
vn -0.9102 0.3435 0.2315
vn -0.0089 0.9998 0.0195
vn 0.8840 0.2286 0.4077
vn 0.3363 0.1819 -0.9240
vn 0.4141 0.1389 -0.8996
vn 0.7811 0.5747 0.2442
vn 0.5089 0.8050 0.3049
vn 0.8269 0.3708 0.4228
vn 0.1661 0.1626 0.9726
vn 0.1978 0.1756 0.9644
vn -0.1900 0.2694 0.9441
vn 0.9484 -0.0762 0.3078
vn 0.9725 -0.0372 0.2297
vn 0.9413 -0.2109 0.2635
vn -0.5674 0.6513 -0.5038
vn -0.0287 -0.2001 0.9794
vn 0.0052 -0.1044 0.9945
vn 0.5125 0.8111 -0.2820
vn -0.0849 0.9572 0.2765
vn -0.3678 0.9299 -0.0029
vn -0.7276 -0.6697 0.1488
vn -0.6308 -0.7527 -0.1887
vn 0.7085 0.4043 0.5785
vn 0.5941 0.5030 0.6277
vn 0.8493 0.4630 0.2535
vn 0.1704 -0.0308 0.9849
vn 0.3626 0.1759 0.9152
vn -0.7680 -0.3366 -0.5448
vn 0.1597 -0.5082 -0.8463
vn 0.9729 0.0576 0.2239
vn 0.8576 0.0265 0.5137
vn 0.1976 0.7914 0.5784
vn 0.3720 -0.9219 -0.1084
vn 0.1204 -0.9222 -0.3676
vn -0.8429 0.3035 -0.4443
vn -0.9362 0.2942 -0.1921
vn -0.9333 0.2989 -0.1992
vn -0.8288 0.1614 -0.5358
vn 0.3018 0.0377 0.9526
vn 0.4440 -0.5223 0.7280
vn 0.4154 0.8571 0.3048
vn 0.1028 -0.5577 0.8237
vn 0.8383 -0.2400 -0.4895
vn 0.0995 -0.0730 -0.9924
vn 0.0279 -0.9871 -0.1577
vn 0.3490 -0.4865 -0.8009
vn 0.3104 -0.8902 -0.3336
vn -0.9380 -0.2362 -0.2535
vn -0.1403 0.1432 0.9797
vn -0.4212 0.3290 0.8452
vn -0.4086 0.3434 0.8457
vn 0.2223 0.9552 0.1954
vn 0.2990 0.9481 -0.1077
vn 0.2399 0.9618 -0.1321
vn 0.1705 0.9781 0.1195
vn 0.7910 -0.4419 0.4230
vn 0.7794 -0.4512 0.4346
vn -0.1350 -0.9703 -0.2007
vn 0.3503 -0.6806 -0.6435
vn 0.4212 -0.8626 -0.2802
vn 0.3026 -0.9448 -0.1254
vn 0.9745 -0.0658 -0.2146
vn 0.8714 -0.0374 -0.4892
vn 0.7707 -0.4697 0.4305
vn 0.5420 -0.4384 0.7169
vn 0.0299 -0.1129 0.9932
vn -0.1839 -0.4139 0.8915
vn -0.1301 -0.0702 0.9890
vn 0.1248 0.9888 0.0820
vn -0.1872 -0.6491 -0.7373
vn -0.9601 0.1567 0.2315
vn -0.8302 -0.5014 0.2436
vn 0.5702 0.7363 -0.3643
vn 0.5277 0.8232 -0.2093
vn -0.4225 -0.6965 -0.5799
vn -0.0603 -0.8955 -0.4410
vn -0.3318 -0.8723 -0.3591
vn -0.1162 -0.9201 -0.3741
vn -0.1617 -0.6604 -0.7333
vn -0.4064 -0.6639 -0.6277
vn 0.8775 -0.1408 0.4584
vn 0.5592 -0.1864 0.8078
vn 0.5200 0.2394 0.8199
vn -0.6413 -0.7370 -0.2134
vn -0.0481 0.6973 0.7152
vn -0.2084 0.9072 0.3653
vn -0.1243 0.6698 0.7321
vn -0.9441 0.2529 0.2113
vn -0.7996 0.1549 0.5802
vn 0.1724 -0.3386 0.9250
vn 0.3294 0.5486 0.7685
vn 0.2377 0.7319 0.6386
vn 0.3221 0.8887 0.3263
vn 0.1696 0.1875 -0.9675
vn 0.8192 0.5392 0.1953
vn 0.5352 -0.7375 -0.4119
vn 0.5368 -0.4866 -0.6892
vn -0.9088 0.4030 -0.1075
vn 0.1476 0.9372 0.3159
vn 0.9513 -0.0234 -0.3075
vn 0.1157 -0.9923 0.0436
vn 0.1344 -0.4091 0.9025
vn 0.2146 -0.4343 0.8748
vn -0.9505 0.1345 0.2803
vn -0.7784 0.6221 -0.0842
vn 0.6239 0.3220 -0.7121
vn 0.6617 -0.1949 -0.7240
vn 0.1486 -0.0986 0.9840
vn -0.9392 0.2888 0.1857
vn -0.9639 0.1593 0.2133
vn -0.0619 -0.0788 -0.9950
vn 0.0128 0.9155 0.4022
vn 0.0384 0.3927 -0.9189
vn 0.0529 0.4008 -0.9146
vn 0.2346 0.3118 -0.9207
vn -0.7432 0.5129 0.4296
vn -0.5711 0.7593 -0.3119
vn -0.1347 0.0931 0.9865
vn -0.1158 0.0800 0.9901
vn -0.3805 0.0228 0.9245
vn -0.1754 -0.1570 0.9719
vn 0.9965 0.0184 -0.0812
vn 0.4013 0.1473 0.9040
vn -0.5486 -0.8080 0.2147
vn -0.5859 -0.7951 0.1567
vn -0.1589 -0.6451 -0.7474
vn -0.6654 -0.7281 -0.1646
vn -0.4377 -0.8554 -0.2771
vn -0.1656 -0.1212 -0.9787
vn -0.2281 -0.0664 -0.9714
vn -0.4275 0.0798 0.9005
vn -0.2305 0.0651 0.9709
vn -0.4775 0.0223 0.8783
vn 0.8689 0.0139 -0.4947
vn -0.2136 0.7830 -0.5842
vn -0.7718 0.6144 0.1639
vn 0.5364 -0.8254 -0.1758
vn 0.7501 -0.5424 0.3784
vn 0.1143 -0.8429 -0.5258
vn 0.5687 -0.1662 0.8056
vn 0.2578 0.6418 0.7222
vn 0.2330 0.0640 0.9704
vn 0.4513 0.0254 -0.8920
vn 0.9145 0.3818 -0.1337
vn 0.9031 0.3874 0.1855
vn 0.4561 -0.3880 0.8009
vn 0.1478 0.6478 0.7474
vn -0.8804 0.3060 0.3623
vn -0.9796 0.0727 0.1871
vn 0.8204 -0.4108 0.3978
vn -0.1886 0.5910 0.7843
vn 0.4254 0.2044 0.8816
vn -0.4598 -0.6956 -0.5521
vn -0.8970 -0.1773 0.4048
vn -0.8148 -0.2791 0.5081
vn 0.9619 0.1676 -0.2162
vn 0.9673 0.1562 -0.2000
vn 0.4629 -0.1333 -0.8763
vn 0.1269 -0.0743 -0.9891
vn -0.0416 0.0749 0.9963
vn 0.4779 0.7904 0.3831
vn 0.0498 -0.4326 -0.9002
vn 0.5711 0.0733 0.8176
vn 0.3965 0.1749 0.9012
vn -0.3553 0.1819 -0.9169
vn 0.0568 -0.8954 -0.4417
vn -0.6701 -0.3793 -0.6380
vn 0.1115 0.4828 0.8686
vn -0.5388 -0.5126 0.6685
vn -0.4775 0.0354 -0.8779
vn 0.9652 -0.1800 -0.1897
vn 0.4549 0.0605 -0.8885
vn 0.4152 0.0552 -0.9080
vn -0.4572 -0.3372 -0.8230
vn -0.4785 -0.3904 -0.7865
vn -0.1836 0.1226 0.9753
vn -0.8282 -0.0386 0.5591
vn -0.8848 0.0769 -0.4595
vn -0.0653 -0.9405 0.3335
vn 0.3810 0.4748 0.7934
vn 0.6478 -0.3157 0.6934
vn -0.8749 0.1393 0.4639
vn -0.8396 -0.1983 -0.5057
vn -0.8292 -0.2852 -0.4807
vn 0.8338 -0.3018 0.4622
vn 0.9549 -0.1973 0.2220
vn -0.4135 -0.8477 -0.3324
vn 0.8021 -0.4722 -0.3656
vn 0.5931 -0.3761 -0.7119
vn -0.8473 -0.2845 0.4486
vn -0.8925 -0.4124 0.1826
vn 0.1168 0.5620 0.8188
vn 0.1860 0.1212 0.9750
vn 0.9516 0.1979 -0.2351
vn 0.9652 0.2013 0.1669
vn 0.9745 0.0833 -0.2084
vn 0.9441 0.2433 0.2226
vn -0.7096 0.3350 0.6199
vn -0.8257 0.2713 0.4947
vn -0.0607 -0.9243 -0.3768
vn 0.1065 0.6315 -0.7680
vn -0.1930 -0.9581 0.2115
vn -0.1551 -0.9774 0.1433
vn 0.0679 -0.9909 -0.1166
vn -0.5399 -0.1116 -0.8343
vn -0.7094 0.4005 0.5799
vn -0.8409 0.3260 -0.4320
vn -0.0668 0.2635 0.9623
vn -0.9060 0.3956 0.1508
vn -0.8528 0.4612 0.2452
vn -0.9314 0.3010 0.2047
vn 0.6698 -0.7256 -0.1576
vn 0.1113 0.9893 0.0944
vn -0.6037 0.2979 -0.7394
vn 0.0645 -0.0834 -0.9944
vn -0.8009 0.5586 0.2159
vn -0.1287 0.0444 -0.9907
vn -0.1066 -0.0453 -0.9933
vn -0.6149 0.3689 0.6970
vn 0.4507 -0.8592 -0.2421
vn 0.4426 -0.8689 -0.2217
vn 0.2050 0.9782 0.0331
vn 0.2042 0.9784 -0.0330
vn 0.2444 0.9696 0.0128
vn 0.0848 0.9955 -0.0431
vn 0.2282 0.9714 -0.0658
vn 0.2391 0.9678 -0.0789
vn 0.2349 0.9679 0.0898
vn 0.2454 0.9639 0.1038
vn 0.1488 0.9860 0.0750
vn 0.1687 0.9831 0.0707
vn -0.1445 0.9890 0.0299
vn -0.1146 0.9928 0.0361
vn -0.2997 0.9496 0.0921
vn -0.2515 0.9675 0.0273
vn -0.2524 0.9675 -0.0140
vn -0.2583 0.9658 -0.0209
vn -0.1191 0.9929 0.0002
vn -0.1895 0.9815 0.0255
vn -0.1522 0.9882 -0.0167
vn -0.1527 0.9880 0.0216
vn -0.3748 0.3239 0.8687
vn -0.6153 0.4517 0.6461
vn -0.5421 0.5354 0.6477
vn 0.8857 0.2345 0.4006
s 0
f 1//1 13//1 41//1
f 1//2 41//2 949//2
f 1//3 240//3 431//3
f 1//4 431//4 13//4
f 1//5 543//5 240//5
f 1//6 949//6 543//6
f 2//7 91//7 825//7
f 2//8 121//8 720//8
f 2//9 211//9 958//9
f 2//10 402//10 211//10
f 2//11 432//11 91//11
f 2//12 600//12 121//12
f 2//13 720//13 432//13
f 2//14 825//14 402//14
f 2//15 958//15 600//15
f 3//16 19//16 278//16
f 3//17 39//17 19//17
f 3//18 262//18 39//18
f 3//19 278//19 403//19
f 3//20 403//20 797//20
f 3//21 797//21 262//21
f 4//22 87//22 434//22
f 4//23 322//23 706//23
f 4//24 434//24 722//24
f 4//25 706//25 782//25
f 4//26 722//26 322//26
f 4//27 782//27 87//27
f 5//28 76//28 739//28
f 5//29 292//29 411//29
f 5//30 363//30 292//30
f 5//31 411//31 811//31
f 5//32 739//32 363//32
f 5//33 811//33 76//33
f 6//34 101//34 827//34
f 6//35 293//35 101//35
f 6//36 364//36 436//36
f 6//37 436//37 724//37
f 6//38 724//38 293//38
f 6//39 827//39 364//39
f 7//40 294//40 419//40
f 7//41 341//41 294//41
f 7//42 419//42 955//42
f 7//43 773//43 832//43
f 7//44 832//44 341//44
f 7//45 955//45 773//45
f 8//46 131//46 754//46
f 8//47 390//47 131//47
f 8//48 582//48 695//48
f 8//49 695//49 390//49
f 8//50 754//50 833//50
f 8//51 833//51 582//51
f 9//52 208//52 383//52
f 9//53 343//53 985//53
f 9//54 383//54 343//54
f 9//55 727//55 869//55
f 9//56 869//56 208//56
f 9//57 985//57 727//57
f 10//58 44//58 113//58
f 10//59 113//59 632//59
f 10//60 169//60 870//60
f 10//61 440//61 44//61
f 10//62 632//62 169//62
f 10//63 870//63 440//63
f 11//64 178//64 553//64
f 11//65 329//65 729//65
f 11//66 553//66 329//66
f 11//67 657//67 178//67
f 11//68 729//68 657//68
f 12//69 164//69 470//69
f 12//70 179//70 640//70
f 12//71 254//71 442//71
f 12//72 442//72 315//72
f 12//73 470//73 179//73
f 12//74 640//74 164//74
f 13//75 144//75 236//75
f 13//76 156//76 41//76
f 13//77 236//77 156//77
f 13//78 431//78 144//78
f 14//79 356//79 851//79
f 14//80 616//80 946//80
f 14//81 732//81 616//81
f 14//82 851//82 732//82
f 14//83 946//83 356//83
f 15//84 84//84 140//84
f 15//85 140//85 483//85
f 15//86 158//86 517//86
f 15//87 483//87 158//87
f 15//88 517//88 84//88
f 16//89 255//89 734//89
f 16//90 287//90 876//90
f 16//91 734//91 972//91
f 16//92 876//92 255//92
f 16//93 972//93 287//93
f 17//94 176//94 256//94
f 17//95 256//95 973//95
f 17//96 415//96 176//96
f 17//97 559//97 415//97
f 17//98 695//98 559//98
f 17//99 973//99 695//99
f 18//100 147//100 362//100
f 18//101 362//101 536//101
f 18//102 536//102 810//102
f 18//103 810//103 147//103
f 19//104 39//104 321//104
f 19//105 226//105 824//105
f 19//106 321//106 226//106
f 19//107 824//107 278//107
f 20//108 203//108 490//108
f 20//109 338//109 856//109
f 20//110 490//110 538//110
f 20//111 538//111 338//111
f 20//112 856//112 203//112
f 21//113 116//113 307//113
f 21//114 307//114 707//114
f 21//115 563//115 675//115
f 21//116 675//116 116//116
f 21//117 707//117 881//117
f 21//118 881//118 897//118
f 21//119 897//119 563//119
f 22//120 38//120 978//120
f 22//121 261//121 38//121
f 22//122 308//122 261//122
f 22//123 340//123 308//123
f 22//124 420//124 340//124
f 22//125 978//125 420//125
f 23//126 82//126 939//126
f 23//127 709//127 848//127
f 23//128 848//128 82//128
f 23//129 939//129 995//129
f 23//130 995//130 709//130
f 24//131 231//131 310//131
f 24//132 310//132 794//132
f 24//133 422//133 231//133
f 24//134 710//134 422//134
f 24//135 794//135 710//135
f 25//136 80//136 639//136
f 25//137 639//137 49//137
f 25//138 687//138 80//138
f 25//139 861//139 687//139
f 26//140 229//140 712//140
f 26//141 285//141 452//141
f 26//142 299//142 285//142
f 26//143 452//143 788//143
f 26//144 480//144 299//144
f 26//145 712//145 480//145
f 26//146 788//146 229//146
f 27//147 345//147 425//147
f 27//148 425//148 887//148
f 27//149 601//149 713//149
f 27//150 713//150 345//150
f 27//151 887//151 601//151
f 28//152 386//152 530//152
f 28//153 530//153 928//153
f 28//154 849//154 386//154
f 28//155 888//155 849//155
f 28//156 928//156 888//156
f 29//157 196//157 889//157
f 29//158 387//158 196//158
f 29//159 631//159 807//159
f 29//160 715//160 387//160
f 29//161 807//161 715//161
f 29//162 889//162 631//162
f 30//163 54//163 966//163
f 30//164 197//164 684//164
f 30//165 684//165 54//165
f 30//166 986//166 197//166
f 31//167 190//167 621//167
f 31//168 198//168 717//168
f 31//169 621//169 198//169
f 31//170 717//170 987//170
f 31//171 987//171 190//171
f 32//172 143//172 892//172
f 32//173 199//173 486//173
f 32//174 239//174 718//174
f 32//175 486//175 143//175
f 32//176 718//176 199//176
f 32//177 892//177 239//177
f 33//178 192//178 925//178
f 33//179 351//179 511//179
f 33//180 511//180 751//180
f 33//181 735//181 351//181
f 33//182 751//182 192//182
f 33//183 925//183 735//183
f 34//184 123//184 682//184
f 34//185 328//185 831//185
f 34//186 682//186 752//186
f 34//187 752//187 328//187
f 34//188 831//188 960//188
f 34//189 960//189 123//189
f 35//190 150//190 469//190
f 35//191 401//191 753//191
f 35//192 469//192 919//192
f 35//193 753//193 813//193
f 35//194 813//194 150//194
f 35//195 919//195 401//195
f 36//196 131//196 152//196
f 36//197 152//197 220//197
f 36//198 220//198 723//198
f 36//199 723//199 920//199
f 36//200 754//200 131//200
f 36//201 920//201 754//201
f 37//202 531//202 963//202
f 37//203 834//203 531//203
f 38//204 213//204 978//204
f 38//205 261//205 404//205
f 38//206 332//206 213//206
f 38//207 404//207 332//207
f 39//208 262//208 627//208
f 39//209 557//209 757//209
f 39//210 627//210 557//210
f 39//211 757//211 321//211
f 40//212 263//212 980//212
f 40//213 446//213 263//213
f 40//214 558//214 758//214
f 40//215 758//215 446//215
f 40//216 837//216 558//216
f 40//217 980//217 837//217
f 41//218 156//218 611//218
f 41//219 611//219 949//219
f 42//220 69//220 157//220
f 42//221 157//221 408//221
f 42//222 301//222 69//222
f 42//223 360//223 922//223
f 42//224 408//224 544//224
f 42//225 544//225 360//225
f 42//226 922//226 301//226
f 43//227 218//227 840//227
f 43//228 505//228 617//228
f 43//229 521//229 218//229
f 43//230 617//230 521//230
f 43//231 840//231 935//231
f 43//232 935//232 505//232
f 44//233 163//233 602//233
f 44//234 440//234 682//234
f 44//235 448//235 113//235
f 44//236 602//236 936//236
f 44//237 682//237 163//237
f 44//238 936//238 448//238
f 45//239 244//239 323//239
f 45//240 296//240 771//240
f 45//241 1001//241 763//241
f 45//242 323//242 1001//242
f 45//243 763//243 296//243
f 45//244 771//244 244//244
f 46//245 221//245 764//245
f 46//246 324//246 866//246
f 46//247 604//247 644//247
f 46//248 644//248 324//248
f 46//249 764//249 604//249
f 46//250 866//250 221//250
f 47//251 78//251 765//251
f 47//252 317//252 844//252
f 47//253 541//253 317//253
f 47//254 765//254 541//254
f 47//255 844//255 78//255
f 48//256 207//256 916//256
f 48//257 326//257 207//257
f 48//258 542//258 326//258
f 48//259 766//259 542//259
f 48//260 845//260 766//260
f 48//261 916//261 845//261
f 49//262 623//262 846//262
f 49//263 639//263 623//263
f 50//264 209//264 249//264
f 50//265 249//265 886//265
f 50//266 512//266 209//266
f 50//267 568//267 736//267
f 50//268 736//268 512//268
f 50//269 886//269 568//269
f 51//270 425//270 903//270
f 51//271 529//271 425//271
f 51//272 665//272 898//272
f 51//273 882//273 529//273
f 51//274 898//274 882//274
f 51//275 903//275 665//275
f 52//276 235//276 570//276
f 52//277 310//277 738//277
f 52//278 346//278 904//278
f 52//279 570//279 310//279
f 52//280 738//280 346//280
f 52//281 904//281 235//281
f 53//282 262//282 797//282
f 53//283 347//283 683//283
f 53//284 663//284 347//284
f 53//285 683//285 262//285
f 53//286 731//286 663//286
f 53//287 797//287 731//287
f 54//288 237//288 281//288
f 54//289 277//289 237//289
f 54//290 281//290 966//290
f 54//291 684//291 277//291
f 55//292 166//292 461//292
f 55//293 429//293 741//293
f 55//294 461//294 429//294
f 55//295 685//295 852//295
f 55//296 741//296 685//296
f 55//297 852//297 166//297
f 1000//298 1001//298 594//298
f 1000//299 474//299 880//299
f 1000//300 594//300 474//300
f 1000//301 763//301 1001//301
f 1000//302 842//302 763//302
f 1000//303 880//303 1003//303
f 56//304 112//304 224//304
f 56//305 124//305 200//305
f 56//306 200//306 822//306
f 56//307 224//307 391//307
f 56//308 391//308 124//308
f 56//309 822//309 112//309
f 57//310 316//310 728//310
f 57//311 496//311 560//311
f 57//312 560//312 934//312
f 57//313 728//313 496//313
f 57//314 934//314 316//314
f 58//315 855//315 883//315
f 58//316 883//316 697//316
f 59//317 283//317 320//317
f 59//318 320//318 394//318
f 59//319 338//319 283//319
f 59//320 394//320 856//320
f 59//321 856//321 338//321
f 60//322 395//322 599//322
f 60//323 599//323 815//323
f 60//324 815//324 838//324
f 60//325 838//325 857//325
f 60//326 857//326 395//326
f 61//327 81//327 312//327
f 61//328 312//328 748//328
f 61//329 396//329 600//329
f 61//330 600//330 81//330
f 61//331 748//331 858//331
f 61//332 858//332 396//332
f 62//333 92//333 595//333
f 62//334 222//334 899//334
f 62//335 268//335 92//335
f 62//336 595//336 222//336
f 62//337 637//337 268//337
f 62//338 899//338 637//338
f 63//339 159//339 398//339
f 63//340 303//340 159//340
f 63//341 366//341 303//341
f 63//342 382//342 750//342
f 63//343 398//343 382//343
f 63//344 750//344 366//344
f 64//345 176//345 607//345
f 64//346 256//346 176//346
f 64//347 511//347 655//347
f 64//348 607//348 751//348
f 64//349 655//349 256//349
f 64//350 751//350 511//350
f 65//351 209//351 942//351
f 65//352 336//352 800//352
f 65//353 352//353 209//353
f 65//354 800//354 352//354
f 65//355 942//355 336//355
f 66//356 353//356 915//356
f 66//357 561//357 959//357
f 66//358 801//358 353//358
f 66//359 915//359 561//359
f 66//360 959//360 801//360
f 67//361 299//361 480//361
f 67//362 354//362 550//362
f 67//363 480//363 354//363
f 67//364 550//364 916//364
f 67//365 658//365 299//365
f 67//366 916//366 658//366
f 68//367 300//367 499//367
f 68//368 499//368 659//368
f 68//369 587//369 300//369
f 68//370 659//370 747//370
f 68//371 747//371 587//371
f 69//372 301//372 500//372
f 69//373 500//373 588//373
f 69//374 588//374 157//374
f 70//375 166//375 242//375
f 70//376 242//376 501//376
f 70//377 461//377 166//377
f 70//378 501//378 589//378
f 70//379 589//379 781//379
f 70//380 781//380 461//380
f 71//381 478//381 702//381
f 71//382 590//382 259//382
f 71//383 702//383 590//383
f 71//384 912//384 478//384
f 72//385 280//385 905//385
f 72//386 288//386 280//386
f 72//387 531//387 834//387
f 72//388 905//388 531//388
f 73//389 253//389 556//389
f 73//390 289//390 344//390
f 73//391 344//391 808//391
f 73//392 556//392 890//392
f 73//393 672//393 289//393
f 73//394 744//394 672//394
f 73//395 808//395 253//395
f 73//396 890//396 744//396
f 74//397 521//397 617//397
f 74//398 569//398 809//398
f 74//399 617//399 665//399
f 74//400 665//400 903//400
f 74//401 809//401 521//401
f 74//402 903//402 569//402
f 75//403 187//403 291//403
f 75//404 225//404 187//404
f 75//405 291//405 837//405
f 75//406 416//406 225//406
f 75//407 666//407 416//407
f 75//408 837//408 666//408
f 76//409 200//409 739//409
f 76//410 248//410 327//410
f 76//411 327//411 822//411
f 76//412 811//412 248//412
f 76//413 822//413 200//413
f 77//414 328//414 752//414
f 77//415 508//415 580//415
f 77//416 528//416 328//416
f 77//417 580//417 970//417
f 77//418 752//418 508//418
f 77//419 970//419 528//419
f 78//420 270//420 509//420
f 78//421 509//421 813//421
f 78//422 669//422 765//422
f 78//423 813//423 669//423
f 78//424 844//424 270//424
f 79//425 191//425 271//425
f 79//426 271//426 510//426
f 79//427 414//427 191//427
f 79//428 510//428 908//428
f 79//429 670//429 414//429
f 79//430 908//430 670//430
f 80//431 319//431 957//431
f 80//432 687//432 909//432
f 80//433 909//433 319//433
f 80//434 957//434 639//434
f 81//435 600//435 958//435
f 81//436 730//436 312//436
f 81//437 958//437 730//437
f 82//438 194//438 939//438
f 82//439 313//439 887//439
f 82//440 848//440 313//440
f 82//441 887//441 194//441
f 83//442 107//442 314//442
f 83//443 314//443 849//443
f 83//444 714//444 984//444
f 83//445 762//445 107//445
f 83//446 849//446 714//446
f 83//447 984//447 762//447
f 84//448 214//448 733//448
f 84//449 517//449 214//449
f 84//450 603//450 140//450
f 84//451 733//451 603//451
f 85//452 245//452 324//452
f 85//453 324//453 644//453
f 85//454 484//454 245//454
f 85//455 628//455 484//455
f 85//456 644//456 628//456
f 86//457 90//457 895//457
f 86//458 489//458 90//458
f 86//459 537//459 489//459
f 86//460 895//460 613//460
f 87//461 279//461 614//461
f 87//462 614//462 896//462
f 87//463 782//463 279//463
f 87//464 896//464 434//464
f 88//465 463//465 917//465
f 88//466 487//466 783//466
f 88//467 551//467 487//467
f 88//468 575//468 463//468
f 88//469 783//469 575//469
f 88//470 917//470 551//470
f 89//471 348//471 784//471
f 89//472 522//472 841//472
f 89//473 648//473 348//473
f 89//474 784//474 522//474
f 89//475 841//475 648//475
f 90//476 306//476 931//476
f 90//477 489//477 649//477
f 90//478 649//478 306//478
f 90//479 931//479 895//479
f 91//480 171//480 992//480
f 91//481 432//481 171//481
f 91//482 992//482 825//482
f 92//483 268//483 985//483
f 92//484 985//484 343//484
f 93//485 133//485 930//485
f 93//486 253//486 808//486
f 93//487 556//487 253//487
f 93//488 652//488 133//488
f 93//489 808//489 652//489
f 93//490 930//490 556//490
f 94//491 134//491 520//491
f 94//492 273//492 493//492
f 94//493 381//493 653//493
f 94//494 493//494 381//494
f 94//495 520//495 273//495
f 94//496 653//496 134//496
f 95//497 287//497 972//497
f 95//498 494//498 829//498
f 95//499 654//499 287//499
f 95//500 829//500 654//500
f 95//501 972//501 494//501
f 96//502 192//502 989//502
f 96//503 304//503 527//503
f 96//504 527//504 925//504
f 96//505 767//505 304//505
f 96//506 925//506 192//506
f 96//507 989//507 767//507
f 97//508 283//508 760//508
f 97//509 320//509 283//509
f 97//510 688//510 320//510
f 97//511 760//511 688//511
f 98//512 465//512 947//512
f 98//513 911//513 465//513
f 98//514 947//514 979//514
f 98//515 979//515 911//515
f 99//516 358//516 806//516
f 99//517 466//517 358//517
f 99//518 642//518 762//518
f 99//519 762//519 984//519
f 99//520 806//520 642//520
f 99//521 984//521 466//521
f 100//522 116//522 148//522
f 100//523 307//523 116//523
f 100//524 491//524 651//524
f 100//525 651//525 307//525
f 101//526 133//526 492//526
f 101//527 293//527 692//527
f 101//528 492//528 827//528
f 101//529 692//529 133//529
f 102//530 449//530 693//530
f 102//531 513//531 581//531
f 102//532 581//532 987//532
f 102//533 693//533 513//533
f 102//534 717//534 449//534
f 102//535 987//535 717//535
f 103//536 354//536 872//536
f 103//537 622//537 354//537
f 103//538 694//538 622//538
f 103//539 730//539 944//539
f 103//540 872//540 730//540
f 103//541 944//541 694//541
f 104//542 151//542 795//542
f 104//543 571//543 667//543
f 104//544 667//544 523//544
f 104//545 795//545 571//545
f 104//546 814//546 151//546
f 105//547 257//547 656//547
f 105//548 472//548 954//548
f 105//549 656//549 472//549
f 105//550 696//550 257//550
f 105//551 954//551 696//551
f 106//552 122//552 298//552
f 106//553 298//553 681//553
f 106//554 313//554 122//554
f 106//555 601//555 313//555
f 106//556 681//556 601//556
f 107//557 139//557 778//557
f 107//558 698//558 314//558
f 107//559 762//559 139//559
f 107//560 778//560 698//560
f 108//561 180//561 573//561
f 108//562 212//562 331//562
f 108//563 331//563 699//563
f 108//564 475//564 180//564
f 108//565 573//565 212//565
f 108//566 699//566 475//566
f 109//567 121//567 938//567
f 109//568 181//568 612//568
f 109//569 301//569 922//569
f 109//570 612//570 301//570
f 109//571 720//571 121//571
f 109//572 922//572 720//572
f 109//573 938//573 181//573
f 110//574 309//574 709//574
f 110//575 333//575 577//575
f 110//576 577//576 309//576
f 110//577 709//577 995//577
f 110//578 923//578 333//578
f 110//579 995//579 923//579
f 111//580 183//580 924//580
f 111//581 334//581 478//581
f 111//582 478//582 912//582
f 111//583 506//583 183//583
f 111//584 912//584 506//584
f 111//585 924//585 334//585
f 112//586 591//586 671//586
f 112//587 671//587 893//587
f 112//588 822//588 591//588
f 112//589 893//589 224//589
f 113//590 448//590 784//590
f 113//591 664//591 632//591
f 113//592 784//592 664//592
f 114//593 337//593 820//593
f 114//594 485//594 645//594
f 114//595 645//595 824//595
f 114//596 820//596 485//596
f 114//597 824//597 337//597
f 115//598 534//598 786//598
f 115//599 562//599 821//599
f 115//600 634//600 968//600
f 115//601 786//601 634//601
f 115//602 821//602 534//602
f 115//603 968//603 562//603
f 116//604 675//604 148//604
f 117//605 149//605 620//605
f 117//606 372//606 596//606
f 117//607 596//607 994//607
f 117//608 620//608 372//608
f 117//609 676//609 149//609
f 117//610 994//610 676//610
f 118//611 244//611 397//611
f 118//612 397//612 565//612
f 118//613 565//613 677//613
f 118//614 677//614 971//614
f 118//615 971//615 244//615
f 119//616 358//616 770//616
f 119//617 454//617 734//617
f 119//618 678//618 454//618
f 119//619 734//619 358//619
f 119//620 770//620 678//620
f 120//621 160//621 791//621
f 120//622 379//622 651//622
f 120//623 651//623 160//623
f 120//624 679//624 379//624
f 120//625 791//625 679//625
f 121//626 396//626 938//626
f 121//627 600//627 396//627
f 122//628 154//628 298//628
f 122//629 274//629 154//629
f 122//630 313//630 848//630
f 122//631 848//631 274//631
f 123//632 163//632 682//632
f 123//633 482//633 163//633
f 123//634 960//634 482//634
f 124//635 276//635 739//635
f 124//636 391//636 961//636
f 124//637 739//637 200//637
f 124//638 961//638 276//638
f 125//639 141//639 316//639
f 125//640 165//640 141//640
f 125//641 316//641 934//641
f 125//642 460//642 165//642
f 125//643 934//643 460//643
f 126//644 260//644 555//644
f 126//645 389//645 907//645
f 126//646 555//646 755//646
f 126//647 629//647 389//647
f 126//648 755//648 629//648
f 126//649 907//649 260//649
f 127//650 526//650 956//650
f 127//651 670//651 908//651
f 127//652 686//652 798//652
f 127//653 798//653 526//653
f 127//654 908//654 686//654
f 127//655 956//655 670//655
f 128//656 447//656 989//656
f 128//657 607//657 703//657
f 128//658 703//658 877//658
f 128//659 830//659 607//659
f 128//660 877//660 447//660
f 128//661 989//661 830//661
f 129//662 362//662 864//662
f 129//663 823//663 362//663
f 129//664 864//664 219//664
f 129//665 878//665 823//665
f 130//666 389//666 879//666
f 130//667 417//667 852//667
f 130//668 879//668 417//668
f 130//669 977//669 389//669
f 131//670 390//670 152//670
f 132//671 467//671 547//671
f 132//672 525//672 691//672
f 132//673 547//673 901//673
f 132//674 691//674 467//674
f 132//675 901//675 937//675
f 132//676 937//676 525//676
f 133//677 652//677 492//677
f 133//678 692//678 930//678
f 134//679 194//679 597//679
f 134//680 597//680 520//680
f 134//681 653//681 939//681
f 134//682 939//682 194//682
f 135//683 386//683 996//683
f 135//684 494//684 598//684
f 135//685 530//685 386//685
f 135//686 598//686 530//686
f 135//687 829//687 494//687
f 135//688 996//688 829//688
f 136//689 272//689 599//689
f 136//690 395//690 539//690
f 136//691 539//691 679//691
f 136//692 599//692 395//692
f 136//693 679//693 272//693
f 137//694 368//694 456//694
f 137//695 405//695 757//695
f 137//696 456//696 540//696
f 137//697 540//697 405//697
f 137//698 757//698 1002//698
f 137//699 1002//699 368//699
f 138//700 162//700 369//700
f 138//701 369//701 641//701
f 138//702 481//702 162//702
f 138//703 641//703 975//703
f 138//704 777//704 481//704
f 138//705 975//705 777//705
f 139//706 378//706 778//706
f 139//707 546//707 378//707
f 139//708 642//708 546//708
f 139//709 762//709 642//709
f 140//710 196//710 483//710
f 140//711 335//711 889//711
f 140//712 603//712 335//712
f 140//713 889//713 196//713
f 141//714 165//714 819//714
f 141//715 297//715 316//715
f 141//716 819//716 843//716
f 141//717 843//717 297//717
f 142//718 206//718 895//718
f 142//719 238//719 621//719
f 142//720 317//720 206//720
f 142//721 621//721 317//721
f 142//722 895//722 931//722
f 142//723 931//723 238//723
f 143//724 318//724 606//724
f 143//725 430//725 892//725
f 143//726 486//726 646//726
f 143//727 606//727 430//727
f 143//728 646//728 318//728
f 144//729 431//729 759//729
f 144//730 759//730 861//730
f 145//731 464//731 982//731
f 145//732 576//732 464//732
f 145//733 760//733 862//733
f 145//734 862//734 576//734
f 145//735 982//735 760//735
f 146//736 385//736 863//736
f 146//737 405//737 540//737
f 146//738 540//738 680//738
f 146//739 680//739 385//739
f 146//740 863//740 979//740
f 146//741 979//741 405//741
f 147//742 406//742 864//742
f 147//743 578//743 406//743
f 147//744 810//744 578//744
f 147//745 864//745 362//745
f 148//746 675//746 787//746
f 148//747 787//747 579//747
f 149//748 452//748 970//748
f 149//749 580//749 620//749
f 149//750 676//750 452//750
f 149//751 970//751 580//751
f 150//752 509//752 581//752
f 150//753 513//753 469//753
f 150//754 581//754 513//754
f 150//755 813//755 509//755
f 151//756 514//756 795//756
f 151//757 610//757 514//757
f 151//758 814//758 880//758
f 151//759 880//759 610//759
f 152//760 390//760 799//760
f 152//761 583//761 220//761
f 152//762 799//762 583//762
f 153//763 221//763 524//763
f 153//764 524//764 776//764
f 153//765 584//765 221//765
f 153//766 776//766 974//766
f 153//767 800//767 584//767
f 153//768 974//768 800//768
f 154//769 274//769 951//769
f 154//770 393//770 745//770
f 154//771 745//771 298//771
f 154//772 951//772 393//772
f 155//773 193//773 658//773
f 155//774 207//774 960//774
f 155//775 586//775 193//775
f 155//776 658//776 207//776
f 155//777 831//777 586//777
f 155//778 960//778 831//778
f 156//779 236//779 579//779
f 156//780 300//780 611//780
f 156//781 579//781 945//781
f 156//782 945//782 300//782
f 157//783 588//783 839//783
f 157//784 839//784 408//784
f 158//785 483//785 589//785
f 158//786 501//786 761//786
f 158//787 589//787 501//787
f 158//788 761//788 517//788
f 159//789 303//789 518//789
f 159//790 518//790 876//790
f 159//791 876//791 398//791
f 160//792 491//792 846//792
f 160//793 623//793 791//793
f 160//794 651//794 491//794
f 160//795 846//795 623//795
f 161//796 504//796 554//796
f 161//797 554//797 650//797
f 161//798 650//798 950//798
f 161//799 700//799 504//799
f 161//800 950//800 700//800
f 162//801 385//801 789//801
f 162//802 481//802 883//802
f 162//803 625//803 385//803
f 162//804 789//804 369//804
f 162//805 883//805 625//805
f 163//806 342//806 602//806
f 163//807 482//807 342//807
f 164//808 459//808 470//808
f 164//809 627//809 683//809
f 164//810 640//810 627//810
f 164//811 683//811 459//811
f 165//812 460//812 962//812
f 165//813 906//813 819//813
f 165//814 962//814 906//814
f 166//815 417//815 242//815
f 166//816 852//816 417//816
f 167//817 223//817 462//817
f 167//818 462//818 782//818
f 167//819 662//819 860//819
f 167//820 706//820 662//820
f 167//821 782//821 706//821
f 167//822 860//822 223//822
f 168//823 216//823 631//823
f 168//824 252//824 503//824
f 168//825 335//825 853//825
f 168//826 503//826 216//826
f 168//827 631//827 335//827
f 168//828 853//828 252//828
f 169//829 372//829 870//829
f 169//830 532//830 372//830
f 169//831 632//831 716//831
f 169//832 716//832 532//832
f 170//833 282//833 871//833
f 170//834 441//834 633//834
f 170//835 633//835 673//835
f 170//836 649//836 282//836
f 170//837 673//837 649//837
f 170//838 871//838 441//838
f 171//839 241//839 634//839
f 171//840 432//840 544//840
f 171//841 544//841 241//841
f 171//842 634//842 786//842
f 171//843 674//843 992//843
f 171//844 786//844 674//844
f 172//845 413//845 955//845
f 172//846 451//846 413//846
f 172//847 635//847 451//847
f 172//848 826//848 635//848
f 172//849 955//849 993//849
f 172//850 993//850 826//850
f 173//851 229//851 564//851
f 173//852 340//852 708//852
f 173//853 564//853 340//853
f 173//854 708//854 858//854
f 173//855 748//855 229//855
f 173//856 858//856 748//856
f 174//857 230//857 453//857
f 174//858 286//858 467//858
f 174//859 453//859 950//859
f 174//860 467//860 859//860
f 174//861 859//861 230//861
f 174//862 950//862 286//862
f 175//863 215//863 566//863
f 175//864 446//864 758//864
f 175//865 566//865 900//865
f 175//866 758//866 215//866
f 175//867 900//867 446//867
f 176//868 415//868 703//868
f 176//869 703//869 607//869
f 177//870 235//870 696//870
f 177//871 400//871 458//871
f 177//872 458//872 608//872
f 177//873 608//873 235//873
f 177//874 696//874 954//874
f 177//875 954//875 400//875
f 178//876 473//876 553//876
f 179//877 251//877 384//877
f 179//878 384//878 640//878
f 179//879 470//879 610//879
f 179//880 610//880 251//880
f 180//881 349//881 685//881
f 180//882 475//882 349//882
f 180//883 685//883 741//883
f 180//884 741//884 573//884
f 181//885 420//885 978//885
f 181//886 804//886 612//886
f 181//887 938//887 420//887
f 181//888 978//888 804//888
f 182//889 226//889 321//889
f 182//890 321//890 405//890
f 182//891 561//891 226//891
f 182//892 737//892 959//892
f 182//893 959//893 561//893
f 183//894 219//894 864//894
f 183//895 406//895 924//895
f 183//896 506//896 219//896
f 183//897 864//897 406//897
f 184//898 264//898 284//898
f 184//899 284//899 423//899
f 184//900 423//900 667//900
f 184//901 571//901 647//901
f 184//902 647//902 264//902
f 184//903 667//903 571//903
f 185//904 265//904 616//904
f 185//905 305//905 768//905
f 185//906 444//906 265//906
f 185//907 616//907 305//907
f 185//908 746//908 968//908
f 185//909 768//909 746//909
f 185//910 910//910 444//910
f 185//911 968//911 910//911
f 186//912 266//912 689//912
f 186//913 290//913 898//913
f 186//914 665//914 266//914
f 186//915 689//915 769//915
f 186//916 769//916 290//916
f 186//917 898//917 665//917
f 187//918 225//918 618//918
f 187//919 267//919 690//919
f 187//920 618//920 267//920
f 187//921 690//921 291//921
f 188//922 439//922 901//922
f 188//923 523//923 619//923
f 188//924 547//924 913//924
f 188//925 619//925 439//925
f 188//926 842//926 523//926
f 188//927 901//927 547//927
f 188//928 913//928 842//928
f 189//929 269//929 986//929
f 189//930 412//930 269//930
f 189//931 668//931 954//931
f 189//932 812//932 668//932
f 189//933 954//933 412//933
f 189//934 986//934 812//934
f 190//935 270//935 844//935
f 190//936 844//936 621//936
f 190//937 987//937 270//937
f 191//938 414//938 550//938
f 191//939 550//939 622//939
f 191//940 622//940 988//940
f 191//941 988//941 271//941
f 192//942 751//942 830//942
f 192//943 830//943 989//943
f 193//944 285//944 299//944
f 193//945 299//945 658//945
f 193//946 528//946 285//946
f 193//947 586//947 528//947
f 194//948 887//948 927//948
f 194//949 927//949 597//949
f 195//950 530//950 598//950
f 195//951 598//951 678//951
f 195//952 678//952 770//952
f 195//953 770//953 928//953
f 195//954 928//954 530//954
f 196//955 387//955 818//955
f 196//956 818//956 483//956
f 197//957 269//957 819//957
f 197//958 819//958 906//958
f 197//959 906//959 684//959
f 197//960 986//960 269//960
f 198//961 238//961 991//961
f 198//962 373//962 717//962
f 198//963 621//963 238//963
f 198//964 991//964 373//964
f 199//965 374//965 450//965
f 199//966 450//966 534//966
f 199//967 534//967 821//967
f 199//968 718//968 374//968
f 199//969 821//969 486//969
f 201//970 460//970 592//970
f 201//971 488//971 740//971
f 201//972 592//972 488//972
f 201//973 740//973 962//973
f 201//974 962//974 460//974
f 202//975 409//975 721//975
f 202//976 593//976 409//976
f 202//977 721//977 855//977
f 203//978 576//978 490//978
f 203//979 856//979 576//979
f 204//980 339//980 897//980
f 204//981 395//981 857//981
f 204//982 539//982 395//982
f 204//983 857//983 339//983
f 204//984 881//984 539//984
f 204//985 897//985 881//985
f 205//986 290//986 792//986
f 205//987 792//987 847//987
f 205//988 847//988 882//988
f 205//989 882//989 898//989
f 205//990 898//990 290//990
f 206//991 317//991 541//991
f 206//992 613//992 895//992
f 207//993 326//993 960//993
f 207//994 658//994 916//994
f 208//995 869//995 917//995
f 208//996 885//996 383//996
f 208//997 917//997 885//997
f 209//998 352//998 249//998
f 209//999 512//999 942//999
f 210//1000 441//1000 943//1000
f 210//1001 469//1001 513//1001
f 210//1002 513//1002 693//1002
f 210//1003 693//1003 785//1003
f 210//1004 785//1004 441//1004
f 210//1005 919//1005 469//1005
f 210//1006 943//1006 919//1006
f 211//1007 402//1007 774//1007
f 211//1008 694//1008 944//1008
f 211//1009 774//1009 694//1009
f 211//1010 944//1010 958//1010
f 212//1011 355//1011 331//1011
f 212//1012 573//1012 605//1012
f 212//1013 605//1013 850//1013
f 212//1014 850//1014 355//1014
f 213//1015 332//1015 356//1015
f 213//1016 356//1016 516//1016
f 213//1017 516//1017 804//1017
f 213//1018 804//1018 978//1018
f 214//1019 517//1019 761//1019
f 214//1020 761//1020 983//1020
f 214//1021 805//1021 733//1021
f 214//1022 983//1022 805//1022
f 215//1023 370//1023 790//1023
f 215//1024 758//1024 948//1024
f 215//1025 790//1025 566//1025
f 215//1026 948//1026 370//1026
f 216//1027 503//1027 519//1027
f 216//1028 519//1028 719//1028
f 216//1029 719//1029 807//1029
f 216//1030 807//1030 631//1030
f 217//1031 380//1031 504//1031
f 217//1032 476//1032 380//1032
f 217//1033 504//1033 700//1033
f 217//1034 700//1034 476//1034
f 218//1035 361//1035 840//1035
f 218//1036 457//1036 361//1036
f 218//1037 521//1037 809//1037
f 218//1038 809//1038 457//1038
f 220//1039 292//1039 723//1039
f 220//1040 411//1040 292//1040
f 220//1041 583//1041 411//1041
f 221//1042 584//1042 764//1042
f 221//1043 866//1043 524//1043
f 222//1044 725//1044 899//1044
f 223//1045 526//1045 462//1045
f 223//1046 766//1046 956//1046
f 223//1047 860//1047 766//1047
f 223//1048 956//1048 526//1048
f 224//1049 375//1049 391//1049
f 224//1050 559//1050 375//1050
f 224//1051 893//1051 559//1051
f 225//1052 376//1052 560//1052
f 225//1053 416//1053 376//1053
f 225//1054 560//1054 618//1054
f 226//1055 337//1055 824//1055
f 226//1056 561//1056 915//1056
f 226//1057 915//1057 337//1057
f 227//1058 486//1058 821//1058
f 227//1059 562//1059 896//1059
f 227//1060 646//1060 486//1060
f 227//1061 821//1061 562//1061
f 227//1062 896//1062 646//1062
f 228//1063 339//1063 659//1063
f 228//1064 499//1064 563//1064
f 228//1065 563//1065 897//1065
f 228//1066 659//1066 499//1066
f 228//1067 897//1067 339//1067
f 229//1068 748//1068 712//1068
f 229//1069 788//1069 564//1069
f 230//1070 258//1070 816//1070
f 230//1071 421//1071 737//1071
f 230//1072 737//1072 453//1072
f 230//1073 816//1073 421//1073
f 230//1074 859//1074 258//1074
f 231//1075 259//1075 900//1075
f 231//1076 422//1076 259//1076
f 231//1077 566//1077 310//1077
f 231//1078 900//1078 566//1078
f 232//1079 439//1079 455//1079
f 232//1080 455//1080 826//1080
f 232//1081 826//1081 993//1081
f 232//1082 901//1082 439//1082
f 232//1083 937//1083 901//1083
f 232//1084 993//1084 937//1084
f 233//1085 568//1085 636//1085
f 233//1086 636//1086 652//1086
f 233//1087 652//1087 808//1087
f 233//1088 808//1088 902//1088
f 233//1089 902//1089 568//1089
f 234//1090 345//1090 713//1090
f 234//1091 457//1091 569//1091
f 234//1092 569//1092 345//1092
f 234//1093 713//1093 793//1093
f 234//1094 793//1094 457//1094
f 235//1095 608//1095 570//1095
f 235//1096 904//1096 696//1096
f 237//1097 277//1097 740//1097
f 237//1098 572//1098 281//1098
f 237//1099 740//1099 572//1099
f 238//1100 931//1100 991//1100
f 239//1101 574//1101 742//1101
f 239//1102 742//1102 932//1102
f 239//1103 892//1103 574//1103
f 239//1104 932//1104 718//1104
f 240//1105 543//1105 909//1105
f 240//1106 759//1106 431//1106
f 240//1107 909//1107 759//1107
f 241//1108 408//1108 910//1108
f 241//1109 544//1109 408//1109
f 241//1110 910//1110 968//1110
f 241//1111 968//1111 634//1111
f 242//1112 377//1112 761//1112
f 242//1113 417//1113 377//1113
f 242//1114 761//1114 501//1114
f 243//1115 322//1115 936//1115
f 243//1116 602//1116 662//1116
f 243//1117 662//1117 706//1117
f 243//1118 706//1118 322//1118
f 243//1119 936//1119 602//1119
f 244//1120 637//1120 397//1120
f 244//1121 771//1121 637//1121
f 244//1122 971//1122 323//1122
f 245//1123 484//1123 548//1123
f 245//1124 548//1124 724//1124
f 245//1125 724//1125 914//1125
f 245//1126 914//1126 324//1126
f 246//1127 325//1127 497//1127
f 246//1128 497//1128 609//1128
f 246//1129 549//1129 325//1129
f 246//1130 609//1130 832//1130
f 246//1131 773//1131 549//1131
f 246//1132 832//1132 773//1132
f 247//1133 438//1133 750//1133
f 247//1134 498//1134 438//1134
f 247//1135 750//1135 884//1135
f 247//1136 802//1136 498//1136
f 247//1137 884//1137 802//1137
f 248//1138 399//1138 327//1138
f 248//1139 471//1139 941//1139
f 248//1140 811//1140 471//1140
f 248//1141 941//1141 399//1141
f 249//1142 352//1142 776//1142
f 249//1143 552//1143 886//1143
f 249//1144 776//1144 552//1144
f 250//1145 365//1145 753//1145
f 250//1146 401//1146 553//1146
f 250//1147 437//1147 365//1147
f 250//1148 473//1148 437//1148
f 250//1149 553//1149 473//1149
f 250//1150 753//1150 401//1150
f 251//1151 474//1151 554//1151
f 251//1152 554//1152 384//1152
f 251//1153 610//1153 474//1153
f 252//1154 371//1154 555//1154
f 252//1155 427//1155 371//1155
f 252//1156 555//1156 503//1156
f 252//1157 853//1157 427//1157
f 254//1158 357//1158 875//1158
f 254//1159 445//1159 643//1159
f 254//1160 643//1160 442//1160
f 254//1161 1002//1161 357//1161
f 254//1162 875//1162 445//1162
f 255//1163 358//1163 734//1163
f 255//1164 518//1164 806//1164
f 255//1165 806//1165 358//1165
f 255//1166 876//1166 518//1166
f 256//1167 655//1167 973//1167
f 257//1168 426//1168 894//1168
f 257//1169 696//1169 904//1169
f 257//1170 894//1170 656//1170
f 257//1171 904//1171 426//1171
f 258//1172 294//1172 341//1172
f 258//1173 341//1173 816//1173
f 258//1174 859//1174 867//1174
f 258//1175 867//1175 294//1175
f 259//1176 590//1176 900//1176
f 260//1177 503//1177 555//1177
f 260//1178 519//1178 503//1178
f 260//1179 779//1179 519//1179
f 260//1180 907//1180 977//1180
f 260//1181 977//1181 779//1181
f 261//1182 308//1182 994//1182
f 261//1183 756//1183 404//1183
f 261//1184 994//1184 756//1184
f 262//1185 683//1185 627//1185
f 263//1186 334//1186 924//1186
f 263//1187 446//1187 590//1187
f 263//1188 590//1188 702//1188
f 263//1189 702//1189 334//1189
f 263//1190 924//1190 980//1190
f 264//1191 443//1191 284//1191
f 264//1192 615//1192 443//1192
f 264//1193 647//1193 981//1193
f 264//1194 981//1194 615//1194
f 265//1195 444//1195 874//1195
f 265//1196 874//1196 946//1196
f 265//1197 946//1197 616//1197
f 266//1198 505//1198 689//1198
f 266//1199 617//1199 505//1199
f 266//1200 665//1200 617//1200
f 267//1201 346//1201 370//1201
f 267//1202 370//1202 690//1202
f 267//1203 426//1203 346//1203
f 267//1204 618//1204 426//1204
f 268//1205 296//1205 985//1205
f 268//1206 637//1206 771//1206
f 268//1207 771//1207 296//1207
f 269//1208 412//1208 843//1208
f 269//1209 843//1209 819//1209
f 270//1210 581//1210 509//1210
f 270//1211 987//1211 581//1211
f 271//1212 295//1212 510//1212
f 271//1213 774//1213 295//1213
f 271//1214 988//1214 774//1214
f 272//1215 311//1215 599//1215
f 272//1216 679//1216 791//1216
f 272//1217 791//1217 957//1217
f 272//1218 957//1218 311//1218
f 273//1219 520//1219 847//1219
f 273//1220 792//1220 828//1220
f 273//1221 828//1221 493//1221
f 273//1222 847//1222 792//1222
f 274//1223 433//1223 951//1223
f 274//1224 709//1224 433//1224
f 274//1225 848//1225 709//1225
f 275//1226 458//1226 926//1226
f 275//1227 710//1227 794//1227
f 275//1228 794//1228 458//1228
f 276//1229 363//1229 739//1229
f 276//1230 435//1230 363//1230
f 276//1231 961//1231 435//1231
f 277//1232 684//1232 906//1232
f 277//1233 906//1233 962//1233
f 277//1234 962//1234 740//1234
f 278//1235 645//1235 803//1235
f 278//1236 803//1236 403//1236
f 278//1237 824//1237 645//1237
f 279//1238 318//1238 614//1238
f 279//1239 462//1239 798//1239
f 279//1240 782//1240 462//1240
f 279//1241 798//1241 964//1241
f 279//1242 964//1242 318//1242
f 280//1243 288//1243 783//1243
f 280//1244 743//1244 905//1244
f 280//1245 783//1245 965//1245
f 280//1246 965//1246 743//1246
f 281//1247 572//1247 878//1247
f 282//1248 489//1248 967//1248
f 282//1249 649//1249 489//1249
f 282//1250 729//1250 871//1250
f 282//1251 967//1251 729//1251
f 283//1252 338//1252 538//1252
f 283//1253 538//1253 760//1253
f 284//1254 443//1254 969//1254
f 284//1255 711//1255 423//1255
f 284//1256 969//1256 711//1256
f 285//1257 528//1257 970//1257
f 285//1258 970//1258 452//1258
f 286//1259 650//1259 913//1259
f 286//1260 913//1260 467//1260
f 286//1261 950//1261 650//1261
f 287//1262 638//1262 876//1262
f 287//499 654//499 638//499
f 288//1263 575//1263 783//1263
f 289//1264 512//1264 736//1264
f 289//1265 672//1265 942//1265
f 289//1266 736//1266 344//1266
f 289//1267 942//1267 512//1267
f 290//1268 769//1268 836//1268
f 290//1269 836//1269 792//1269
f 291//1270 558//1270 837//1270
f 291//1271 690//1271 948//1271
f 291//1272 948//1272 558//1272
f 292//1273 363//1273 723//1273
f 293//1274 468//1274 692//1274
f 293//1275 548//1275 468//1275
f 293//1276 724//1276 548//1276
f 294//1277 525//1277 419//1277
f 294//1278 867//1278 525//1278
f 295//1279 402//1279 742//1279
f 295//1280 574//1280 510//1280
f 295//1281 742//1281 574//1281
f 295//1282 774//1282 402//1282
f 296//1283 727//1283 985//1283
f 296//1284 763//1284 727//1284
f 297//1285 412//1285 472//1285
f 297//1286 472//1286 728//1286
f 297//1287 728//1287 316//1287
f 297//1288 843//1288 412//1288
f 298//1289 585//1289 681//1289
f 298//1290 745//1290 585//1290
f 300//1291 587//1291 611//1291
f 300//1292 945//1292 499//1292
f 301//1293 612//1293 500//1293
f 302//1294 545//1294 629//1294
f 302//1295 629//1295 755//1295
f 302//1296 755//1296 929//1296
f 302//1297 805//1297 545//1297
f 302//1298 929//1298 805//1298
f 303//1299 366//1299 630//1299
f 303//1300 502//1300 518//1300
f 303//1301 630//1301 502//1301
f 304//1302 591//1302 527//1302
f 304//1303 671//1303 591//1303
f 304//1304 767//1304 671//1304
f 305//1305 616//1305 648//1305
f 305//1306 648//1306 990//1306
f 305//1307 990//1307 768//1307
f 306//1308 649//1308 673//1308
f 306//1309 673//1309 991//1309
f 306//1310 991//1310 931//1310
f 1001//1311 323//1311 650//1311
f 1001//1312 650//1312 594//1312
f 1001//1313 842//1313 913//1313
f 307//1314 379//1314 707//1314
f 307//1315 651//1315 379//1315
f 308//1316 340//1316 564//1316
f 308//1317 564//1317 676//1317
f 308//1318 676//1318 994//1318
f 309//1319 433//1319 709//1319
f 309//1320 577//1320 689//1320
f 309//1321 689//1321 433//1321
f 310//1322 566//1322 790//1322
f 310//1323 570//1323 794//1323
f 310//1324 790//1324 738//1324
f 311//1325 319//1325 479//1325
f 311//1326 479//1326 815//1326
f 311//1327 815//1327 599//1327
f 311//1328 957//1328 319//1328
f 312//1329 712//1329 748//1329
f 312//1330 730//1330 872//1330
f 312//1331 872//1331 712//1331
f 313//1332 601//1332 887//1332
f 314//1333 626//1333 849//1333
f 314//1334 698//1334 626//1334
f 315//1335 442//1335 743//1335
f 315//1336 470//1336 459//1336
f 315//1337 514//1337 470//1337
f 315//1338 535//1338 514//1338
f 315//1339 743//1339 965//1339
f 315//1340 965//1340 535//1340
f 317//1341 621//1341 844//1341
f 318//1342 646//1342 614//1342
f 318//1343 964//1343 606//1343
f 319//1344 909//1344 479//1344
f 320//1345 688//1345 394//1345
f 321//1346 757//1346 405//1346
f 322//1347 410//1347 936//1347
f 322//1348 722//1348 410//1348
f 323//1349 971//1349 650//1349
f 324//1350 914//1350 866//1350
f 325//1351 353//1351 497//1351
f 325//1352 549//1352 820//1352
f 325//1353 820//1353 353//1353
f 326//1354 482//1354 960//1354
f 326//1355 542//1355 482//1355
f 327//1356 399//1356 527//1356
f 327//1357 527//1357 591//1357
f 327//1358 591//1358 822//1358
f 328//1359 528//1359 586//1359
f 328//1360 586//1360 831//1360
f 329//1361 401//1361 919//1361
f 329//1362 553//1362 401//1362
f 329//1363 871//1363 729//1363
f 329//1364 919//1364 943//1364
f 329//1365 943//1365 871//1365
f 330//1366 435//1366 961//1366
f 330//1367 754//1367 920//1367
f 330//1368 833//1368 754//1368
f 330//1369 920//1369 435//1369
f 330//1370 933//1370 833//1370
f 330//1371 961//1371 933//1371
f 331//1372 355//1372 715//1372
f 331//1373 715//1373 699//1373
f 332//1374 404//1374 851//1374
f 332//1375 851//1375 356//1375
f 333//1376 828//1376 836//1376
f 333//1377 836//1377 577//1377
f 333//1378 923//1378 828//1378
f 334//1379 702//1379 478//1379
f 335//1380 603//1380 853//1380
f 335//1381 631//1381 889//1381
f 336//1382 672//1382 744//1382
f 336//1383 744//1383 854//1383
f 336//1384 854//1384 800//1384
f 336//1385 942//1385 672//1385
f 337//1386 915//1386 820//1386
f 339//1387 747//1387 659//1387
f 339//1388 857//1388 747//1388
f 340//1389 420//1389 708//1389
f 341//1390 609//1390 816//1390
f 341//1391 832//1391 609//1391
f 342//1392 482//1392 542//1392
f 342//1393 542//1393 860//1393
f 342//1394 662//1394 602//1394
f 342//1395 860//1395 662//1395
f 344//1396 736//1396 902//1396
f 344//1397 902//1397 808//1397
f 345//1398 569//1398 903//1398
f 345//1399 903//1399 425//1399
f 346//1400 426//1400 904//1400
f 346//1401 738//1401 790//1401
f 346//1402 790//1402 370//1402
f 347//1403 459//1403 683//1403
f 347//1404 571//1404 795//1404
f 347//1405 647//1405 571//1405
f 347//1406 663//1406 647//1406
f 347//1407 795//1407 459//1407
f 348//1408 388//1408 716//1408
f 348//1409 648//1409 732//1409
f 348//1410 664//1410 784//1410
f 348//1411 716//1411 664//1411
f 348//1412 732//1412 388//1412
f 349//1413 475//1413 779//1413
f 349//1414 779//1414 977//1414
f 349//1415 852//1415 685//1415
f 350//1416 430//1416 686//1416
f 350//1417 510//1417 574//1417
f 350//1418 574//1418 892//1418
f 350//1419 686//1419 908//1419
f 350//1420 892//1420 430//1420
f 350//1421 908//1421 510//1421
f 351//1422 495//1422 655//1422
f 351//1423 655//1423 511//1423
f 351//1424 735//1424 941//1424
f 351//1425 941//1425 495//1425
f 352//1426 800//1426 974//1426
f 352//1427 974//1427 776//1427
f 353//1428 801//1428 497//1428
f 353//1429 820//1429 915//1429
f 354//1430 480//1430 872//1430
f 354//1431 622//1431 550//1431
f 355//1432 387//1432 715//1432
f 355//1433 701//1433 387//1433
f 355//1434 850//1434 701//1434
f 356//1435 946//1435 516//1435
f 357//1436 465//1436 875//1436
f 357//1437 1002//1437 947//1437
f 357//1438 947//1438 465//1438
f 358//1439 466//1439 770//1439
f 359//1440 407//1440 949//1440
f 359//1441 587//1441 838//1441
f 359//1442 611//1442 587//1442
f 359//1443 838//1443 407//1443
f 359//1444 949//1444 611//1444
f 360//1445 432//1445 720//1445
f 360//1446 544//1446 432//1446
f 360//1447 720//1447 922//1447
f 361//1448 457//1448 793//1448
f 361//1449 585//1449 840//1449
f 361//1450 793//1450 585//1450
f 362//1451 823//1451 536//1451
f 363//1452 435//1452 865//1452
f 363//1453 865//1453 723//1453
f 364//1454 524//1454 436//1454
f 364//1455 552//1455 776//1455
f 364//1456 776//1456 524//1456
f 364//1457 827//1457 552//1457
f 365//1458 437//1458 749//1458
f 365//1459 669//1459 813//1459
f 365//1460 749//1460 669//1460
f 365//1461 813//1461 753//1461
f 366//1462 438//1462 868//1462
f 366//1463 750//1463 438//1463
f 366//1464 868//1464 630//1464
f 367//1465 885//1465 917//1465
f 367//1466 917//1466 463//1466
f 368//1467 384//1467 624//1467
f 368//1468 624//1468 456//1468
f 368//1469 640//1469 384//1469
f 368//1470 1002//1470 640//1470
f 369//1471 565//1471 641//1471
f 369//1472 677//1472 565//1472
f 369//1473 789//1473 677//1473
f 370//1474 948//1474 690//1474
f 371//1475 427//1475 929//1475
f 371//1476 755//1476 555//1476
f 371//1477 929//1477 755//1477
f 372//1478 532//1478 596//1478
f 372//1479 620//1479 870//1479
f 373//1480 449//1480 717//1480
f 373//1481 533//1481 449//1481
f 373//1482 673//1482 533//1482
f 373//1483 991//1483 673//1483
f 374//1484 674//1484 450//1484
f 374//1485 718//1485 932//1485
f 374//1486 932//1486 674//1486
f 375//1487 559//1487 582//1487
f 375//1488 582//1488 933//1488
f 375//1489 933//1489 391//1489
f 376//1490 416//1490 796//1490
f 376//1491 460//1491 934//1491
f 376//1492 796//1492 460//1492
f 376//1493 934//1493 560//1493
f 377//1494 417//1494 879//1494
f 377//1495 545//1495 983//1495
f 377//1496 879//1496 545//1496
f 377//1497 983//1497 761//1497
f 378//1498 418//1498 976//1498
f 378//1499 546//1499 418//1499
f 378//1500 976//1500 778//1500
f 379//1501 679//1501 707//1501
f 380//1502 456//1502 624//1502
f 380//1503 476//1503 680//1503
f 380//1504 540//1504 456//1504
f 380//1505 624//1505 504//1505
f 380//1506 680//1506 540//1506
f 381//1507 493//1507 923//1507
f 381//1508 923//1508 995//1508
f 381//1509 995//1509 653//1509
f 382//1510 398//1510 654//1510
f 382//1511 654//1511 940//1511
f 382//1512 940//1512 750//1512
f 384//1513 554//1513 624//1513
f 385//1514 625//1514 863//1514
f 385//1515 680//1515 789//1515
f 386//1516 626//1516 996//1516
f 386//1517 849//1517 626//1517
f 387//1518 701//1518 818//1518
f 388//1519 532//1519 716//1519
f 388//1520 732//1520 851//1520
f 388//1521 835//1521 532//1521
f 388//1522 851//1522 835//1522
f 389//1523 629//1523 879//1523
f 389//1524 977//1524 907//1524
f 390//1525 695//1525 973//1525
f 390//1526 973//1526 799//1526
f 391//1527 933//1527 961//1527
f 392//1528 584//1528 854//1528
f 392//1529 604//1529 764//1529
f 392//1530 628//1530 604//1530
f 392//1531 744//1531 628//1531
f 392//1532 764//1532 584//1532
f 392//1533 854//1533 744//1533
f 393//1534 840//1534 745//1534
f 393//1535 935//1535 840//1535
f 393//1536 951//1536 935//1536
f 394//1537 464//1537 856//1537
f 394//1538 688//1538 464//1538
f 396//1539 708//1539 938//1539
f 396//1540 858//1540 708//1540
f 397//1541 637//1541 899//1541
f 397//1542 899//1542 565//1542
f 398//1543 638//1543 654//1543
f 398//1544 876//1544 638//1544
f 399//1545 735//1545 925//1545
f 399//1546 925//1546 527//1546
f 399//1547 941//1547 735//1547
f 400//1548 424//1548 918//1548
f 400//1549 668//1549 424//1549
f 400//1550 918//1550 458//1550
f 400//1551 954//1551 668//1551
f 402//1552 825//1552 742//1552
f 403//1553 731//1553 797//1553
f 403//1554 803//1554 921//1554
f 403//1555 921//1555 731//1555
f 404//1556 756//1556 835//1556
f 404//1557 835//1557 851//1557
f 405//1558 979//1558 947//1558
f 406//1559 578//1559 980//1559
f 406//1560 980//1560 924//1560
f 407//1561 479//1561 543//1561
f 407//1562 543//1562 949//1562
f 407//1563 815//1563 479//1563
f 407//1564 838//1564 815//1564
f 408//1565 839//1565 910//1565
f 409//1566 593//1566 911//1566
f 409//1567 863//1567 721//1567
f 409//1568 911//1568 979//1568
f 409//1569 979//1569 863//1569
f 410//1570 448//1570 936//1570
f 410//1571 522//1571 448//1571
f 410//1572 722//1572 522//1572
f 411//1573 471//1573 811//1573
f 411//1574 583//1574 471//1574
f 412//1575 954//1575 472//1575
f 413//1576 451//1576 873//1576
f 413//1577 485//1577 549//1577
f 413//1578 549//1578 773//1578
f 413//1579 773//1579 955//1579
f 413//1580 873//1580 891//1580
f 413//1581 891//1581 485//1581
f 414//1582 670//1582 845//1582
f 414//1583 845//1583 916//1583
f 414//1584 916//1584 550//1584
f 415//1585 559//1585 893//1585
f 415//1586 877//1586 703//1586
f 415//1587 893//1587 877//1587
f 416//1588 666//1588 704//1588
f 416//1589 704//1589 796//1589
f 418//1590 546//1590 630//1590
f 418//1591 630//1591 868//1591
f 418//1592 726//1592 976//1592
f 418//1593 868//1593 726//1593
f 419//1594 525//1594 937//1594
f 419//1595 937//1595 993//1595
f 419//1596 993//1596 955//1596
f 420//1597 938//1597 708//1597
f 421//1598 801//1598 959//1598
f 421//1599 816//1599 801//1599
f 421//1600 959//1600 737//1600
f 423//1601 507//1601 667//1601
f 423//1602 711//1602 507//1602
f 424//1603 668//1603 812//1603
f 425//1604 529//1604 927//1604
f 425//1605 927//1605 887//1605
f 426//1606 618//1606 894//1606
f 427//1607 603//1607 733//1607
f 427//1608 733//1608 929//1608
f 427//1609 853//1609 603//1609
f 428//1610 484//1610 628//1610
f 428//1611 556//1611 930//1611
f 428//1612 628//1612 890//1612
f 428//1613 772//1613 484//1613
f 428//1614 890//1614 556//1614
f 428//1615 930//1615 772//1615
f 429//1616 461//1616 477//1616
f 429//1617 477//1617 850//1617
f 429//1618 573//1618 741//1618
f 429//1619 605//1619 573//1619
f 429//1620 850//1620 605//1620
f 430//1621 606//1621 686//1621
f 433//1622 505//1622 951//1622
f 433//1623 689//1623 505//1623
f 434//1624 841//1624 722//1624
f 434//1625 896//1625 952//1625
f 434//1626 952//1626 990//1626
f 434//1627 990//1627 841//1627
f 435//1628 920//1628 865//1628
f 436//1629 524//1629 866//1629
f 436//1630 866//1630 914//1630
f 436//1631 914//1631 724//1631
f 438//1632 498//1632 868//1632
f 439//1633 507//1633 567//1633
f 439//1634 567//1634 455//1634
f 439//1635 619//1635 507//1635
f 440//1636 508//1636 752//1636
f 440//1637 752//1637 682//1637
f 440//1638 870//1638 508//1638
f 441//1639 785//1639 633//1639
f 441//1640 871//1640 943//1640
f 442//1641 643//1641 743//1641
f 443//1642 451//1642 969//1642
f 443//1643 615//1643 873//1643
f 443//1644 873//1644 451//1644
f 444//1645 588//1645 874//1645
f 444//1646 839//1646 588//1646
f 444//1647 910//1647 839//1647
f 445//1648 531//1648 905//1648
f 445//1649 661//1649 531//1649
f 445//1650 875//1650 661//1650
f 445//1651 905//1651 643//1651
f 446//1652 900//1652 590//1652
f 447//1653 671//1653 767//1653
f 447//1654 767//1654 989//1654
f 447//1655 877//1655 893//1655
f 447//1656 893//1656 671//1656
f 448//1657 522//1657 784//1657
f 449//1658 533//1658 785//1658
f 449//1659 785//1659 693//1659
f 450//1660 674//1660 786//1660
f 450//1661 786//1661 534//1661
f 451//1662 635//1662 969//1662
f 452//1663 564//1663 788//1663
f 452//1664 676//1664 564//1664
f 453//1665 700//1665 950//1665
f 454//1666 494//1666 972//1666
f 454//1667 598//1667 494//1667
f 454//1668 678//1668 598//1668
f 454//1669 972//1669 734//1669
f 455//1670 567//1670 635//1670
f 455//1671 635//1671 826//1671
f 457//1672 809//1672 569//1672
f 458//1673 570//1673 608//1673
f 458//1674 794//1674 570//1674
f 458//1675 918//1675 926//1675
f 459//1676 795//1676 514//1676
f 460//1677 796//1677 592//1677
f 461//1678 781//1678 477//1678
f 462//1679 526//1679 798//1679
f 464//1680 576//1680 856//1680
f 464//1681 688//1681 982//1681
f 465//1682 661//1682 875//1682
f 465//1683 911//1683 661//1683
f 466//1684 888//1684 928//1684
f 466//1685 928//1685 770//1685
f 466//1686 984//1686 888//1686
f 467//1687 691//1687 867//1687
f 467//1688 867//1688 859//1688
f 467//1689 913//1689 547//1689
f 468//1690 484//1690 772//1690
f 468//1691 548//1691 484//1691
f 468//1692 772//1692 692//1692
f 470//1693 514//1693 610//1693
f 471//1694 495//1694 941//1694
f 471//1695 583//1695 495//1695
f 472//1696 656//1696 728//1696
f 474//1697 594//1697 554//1697
f 474//1698 610//1698 880//1698
f 475//1699 699//1699 719//1699
f 475//1700 719//1700 779//1700
f 476//1701 677//1701 789//1701
f 476//1702 700//1702 677//1702
f 476//1703 789//1703 680//1703
f 477//1704 701//1704 850//1704
f 477//1705 781//1705 701//1705
f 479//1706 909//1706 543//1706
f 480//1707 712//1707 872//1707
f 481//1708 697//1708 883//1708
f 481//1709 777//1709 697//1709
f 483//1710 818//1710 589//1710
f 485//1711 820//1711 549//1711
f 485//1712 891//1712 645//1712
f 487//1713 535//1713 965//1713
f 487//1714 551//1714 953//1714
f 487//1715 953//1715 535//1715
f 487//1716 965//1716 783//1716
f 488//1717 536//1717 823//1717
f 488//1718 572//1718 740//1718
f 488//1719 592//1719 536//1719
f 488//1720 823//1720 572//1720
f 489//1721 537//1721 967//1721
f 490//1722 576//1722 862//1722
f 490//1723 862//1723 538//1723
f 492//1724 636//1724 827//1724
f 492//1725 652//1725 636//1725
f 493//1726 828//1726 923//1726
f 495//1727 583//1727 799//1727
f 495//1728 799//1728 973//1728
f 495//1729 973//1729 655//1729
f 496//1730 618//1730 560//1730
f 496//1731 656//1731 894//1731
f 496//1732 728//1732 656//1732
f 496//1733 894//1733 618//1733
f 497//1734 801//1734 816//1734
f 497//1735 816//1735 609//1735
f 498//1736 726//1736 868//1736
f 498//1737 802//1737 817//1737
f 498//1738 817//1738 976//1738
f 498//1739 976//1739 726//1739
f 499//1740 787//1740 563//1740
f 499//1741 945//1741 787//1741
f 500//1742 612//1742 660//1742
f 500//1743 660//1743 588//1743
f 502//1744 546//1744 806//1744
f 502//1745 630//1745 546//1745
f 502//1746 806//1746 518//1746
f 504//1747 624//1747 554//1747
f 505//1748 935//1748 951//1748
f 507//1749 619//1749 667//1749
f 507//1750 711//1750 567//1750
f 508//1751 620//1751 580//1751
f 508//1752 870//1752 620//1752
f 515//1753 615//1753 981//1753
f 515//1754 803//1754 891//1754
f 515//1755 873//1755 615//1755
f 515//1756 891//1756 873//1756
f 515//1757 921//1757 803//1757
f 515//1758 981//1758 921//1758
f 516//1759 660//1759 804//1759
f 516//1760 874//1760 660//1760
f 516//1761 946//1761 874//1761
f 519//1762 779//1762 719//1762
f 520//1763 597//1763 780//1763
f 520//1764 780//1764 847//1764
f 522//1765 722//1765 841//1765
f 523//1766 667//1766 619//1766
f 523//1767 842//1767 1003//1767
f 525//1768 867//1768 691//1768
f 529//1769 597//1769 927//1769
f 529//1770 780//1770 597//1770
f 529//1771 882//1771 780//1771
f 531//1772 661//1772 963//1772
f 532//1773 835//1773 596//1773
f 533//1774 633//1774 785//1774
f 533//1775 673//1775 633//1775
f 535//1776 953//1776 814//1776
f 536//1777 592//1777 810//1777
f 537//1778 657//1778 967//1778
f 538//1779 862//1779 760//1779
f 539//1780 707//1780 679//1780
f 539//1781 881//1781 707//1781
f 541//1782 765//1782 749//1782
f 542//1783 766//1783 860//1783
f 545//1784 805//1784 983//1784
f 545//1785 879//1785 629//1785
f 546//1786 642//1786 806//1786
f 551//1787 869//1787 953//1787
f 551//1788 917//1788 869//1788
f 552//1789 827//1789 886//1789
f 554//1790 594//1790 650//1790
f 557//1791 627//1791 640//1791
f 557//1792 640//1792 1002//1792
f 557//1793 1002//1793 757//1793
f 558//1794 948//1794 758//1794
f 559//1795 695//1795 582//1795
f 562//1796 746//1796 768//1796
f 562//1797 768//1797 952//1797
f 562//1798 952//1798 896//1798
f 562//1799 968//1799 746//1799
f 563//1800 787//1800 675//1800
f 565//1801 899//1801 641//1801
f 567//1802 711//1802 969//1802
f 567//1803 969//1803 635//1803
f 568//1804 886//1804 636//1804
f 568//1805 902//1805 736//1805
f 572//1806 823//1806 878//1806
f 577//1807 769//1807 689//1807
f 577//1808 836//1808 769//1808
f 578//1809 666//1809 837//1809
f 578//1810 810//1810 666//1810
f 578//1811 837//1811 980//1811
f 579//1812 787//1812 945//1812
f 582//1813 833//1813 933//1813
f 584//1814 800//1814 854//1814
f 585//1815 745//1815 840//1815
f 585//1816 793//1816 681//1816
f 587//1817 747//1817 838//1817
f 588//1818 660//1818 874//1818
f 589//1819 818//1819 781//1819
f 592//1820 796//1820 810//1820
f 593//1821 705//1821 911//1821
f 596//1822 756//1822 994//1822
f 596//1823 835//1823 756//1823
f 601//1824 681//1824 713//1824
f 604//1825 628//1825 644//1825
f 606//1826 964//1826 686//1826
f 607//1827 830//1827 751//1827
f 612//1828 804//1828 660//1828
f 614//1829 646//1829 896//1829
f 616//1830 732//1830 648//1830
f 622//1831 694//1831 988//1831
f 623//1832 639//1832 957//1832
f 623//1833 957//1833 791//1833
f 625//1834 721//1834 863//1834
f 625//1835 883//1835 721//1835
f 626//1836 698//1836 802//1836
f 626//1837 802//1837 996//1837
f 628//1838 744//1838 890//1838
f 632//1839 664//1839 716//1839
f 636//1840 886//1840 827//1840
f 641//1841 725//1841 975//1841
f 641//1842 899//1842 725//1842
f 643//1843 905//1843 743//1843
f 645//1844 891//1844 803//1844
f 647//1845 663//1845 981//1845
f 648//1846 841//1846 990//1846
f 653//1847 995//1847 939//1847
f 654//1848 829//1848 940//1848
f 657//1849 729//1849 967//1849
f 661//1850 705//1850 963//1850
f 661//1851 911//1851 705//1851
f 663//1852 731//1852 921//1852
f 663//1853 921//1853 981//1853
f 666//1854 810//1854 704//1854
f 669//1855 749//1855 765//1855
f 670//1856 956//1856 845//1856
f 674//1857 932//1857 992//1857
f 677//1858 700//1858 971//1858
f 681//1859 793//1859 713//1859
f 686//1860 964//1860 798//1860
f 687//1861 759//1861 909//1861
f 687//1862 861//1862 759//1862
f 688//1863 760//1863 982//1863
f 692//1864 772//1864 930//1864
f 694//1865 774//1865 988//1865
f 698//1866 778//1866 817//1866
f 698//1867 817//1867 802//1867
f 699//1868 715//1868 807//1868
f 699//1869 807//1869 719//1869
f 701//1870 781//1870 818//1870
f 704//1871 810//1871 796//1871
f 714//1872 849//1872 888//1872
f 714//1873 888//1873 984//1873
f 721//1874 883//1874 855//1874
f 723//1875 865//1875 920//1875
f 727//1876 763//1876 775//1876
f 727//1877 775//1877 869//1877
f 730//1878 958//1878 944//1878
f 733//1879 805//1879 929//1879
f 742//1880 825//1880 992//1880
f 742//1881 992//1881 932//1881
f 747//1882 857//1882 838//1882
f 750//1883 940//1883 884//1883
f 763//1884 1003//1884 775//1884
f 766//1885 845//1885 956//1885
f 768//1886 990//1886 952//1886
f 775//1887 814//1887 953//1887
f 775//1888 1003//1888 814//1888
f 775//1889 953//1889 869//1889
f 778//1890 976//1890 817//1890
f 780//1891 882//1891 847//1891
f 792//1892 836//1892 828//1892
f 802//1893 884//1893 996//1893
f 814//1894 1003//1894 880//1894
f 829//1895 996//1895 940//1895
f 884//1896 940//1896 996//1896
f 1000//1897 1003//1897 842//1897
f 852//1898 349//1898 977//1898
f 852//1899 977//1899 130//1899
f 861//1900 25//1900 997//1900
f 25//1901 49//1901 997//1901
f 49//1902 846//1902 997//1902
f 846//1903 491//1903 997//1903
f 491//1904 100//1904 997//1904
f 100//1905 148//1905 997//1905
f 148//1906 579//1906 997//1906
f 579//1907 236//1907 997//1907
f 236//1908 144//1908 997//1908
f 144//1909 861//1909 997//1909
f 537//1910 86//1910 998//1910
f 86//1911 613//1911 998//1911
f 613//1912 206//1912 998//1912
f 206//1913 541//1913 998//1913
f 541//1914 749//1914 998//1914
f 749//1915 437//1915 998//1915
f 437//1916 473//1916 998//1916
f 473//1917 178//1917 998//1917
f 178//1918 657//1918 998//1918
f 657//1919 537//1919 998//1919
f 842//1920 1000//1920 999//1920
f 1000//1921 1003//1921 999//1921
f 1003//1922 763//1922 999//1922
f 763//1923 842//1923 999//1923
