# Blender 4.4.0
# www.blender.org
mtllib temp.mtl
o mesh_node
v 0.093750 0.004089 0.010254
v 0.083984 -0.291016 -0.112793
v -0.125977 0.306641 0.076172
v -0.140625 -0.116699 0.016357
v 0.133789 0.326172 -0.125000
v 0.046143 -0.390625 0.017334
v -0.183594 0.041992 -0.067871
v -0.125000 -0.160156 0.061035
v 0.134766 0.373047 -0.052979
v 0.210938 -0.462891 -0.117676
v -0.038330 0.008850 -0.134766
v -0.034180 -0.257812 -0.122559
v 0.129883 0.138672 0.079590
v 0.000477 -0.169922 -0.182617
v -0.161133 0.431641 -0.035156
v -0.306641 -0.056885 -0.060791
v 0.047852 0.363281 0.235352
v 0.165039 -0.437500 -0.151367
v -0.064453 0.100098 0.035889
v 0.027954 -0.435547 -0.011902
v 0.250000 -0.006104 -0.064453
v 0.176758 -0.148438 -0.033203
v -0.099609 0.322266 -0.172852
v -0.156250 -0.304688 -0.034668
v 0.047852 0.165039 -0.217773
v 0.310547 -0.058594 -0.014954
v -0.010925 0.484375 -0.057373
v -0.019897 -0.204102 -0.172852
v 0.142578 0.330078 -0.007172
v 0.046631 -0.437500 -0.081055
v -0.267578 -0.043457 0.006531
v -0.320312 -0.105957 -0.016846
v -0.000359 0.259766 -0.230469
v 0.094727 -0.453125 0.000004
v -0.140625 -0.034180 -0.038086
v 0.003571 -0.361328 -0.189453
v 0.248047 -0.005920 -0.011047
v 0.028687 -0.156250 -0.133789
v -0.128906 0.328125 0.081055
v -0.046387 -0.435547 -0.080566
v 0.113281 0.030518 0.043457
v 0.312500 -0.104004 -0.069336
v -0.000038 0.486328 -0.047119
v -0.078125 -0.071777 0.069336
v 0.157227 0.462891 -0.052002
v 0.012085 -0.306641 -0.036621
v -0.172852 0.166016 -0.122559
v -0.294922 -0.121094 -0.021362
v 0.062500 0.118652 -0.080566
v 0.194336 -0.069824 -0.062988
v -0.044434 0.416016 -0.175781
v -0.028198 -0.169922 -0.098145
v 0.127930 0.316406 0.143555
v 0.097168 -0.423828 -0.152344
v -0.162109 0.038818 0.008423
v -0.239258 -0.080078 -0.082031
v 0.084961 0.449219 0.032471
v 0.187500 -0.449219 -0.121094
v -0.030762 0.172852 0.148438
v -0.070312 -0.472656 -0.036377
v 0.114258 0.032471 -0.121094
v 0.003967 -0.259766 0.057861
v -0.191406 0.257812 -0.070312
v -0.320312 -0.087891 -0.010071
v -0.000275 0.486328 -0.062500
v 0.128906 -0.392578 -0.066406
v -0.090332 0.135742 -0.182617
v -0.031738 -0.449219 -0.059082
v 0.200195 -0.043701 0.022217
v 0.023315 -0.251953 -0.152344
v -0.163086 0.306641 0.028564
v -0.038818 -0.233398 -0.155273
v 0.119141 0.112305 0.029907
v 0.330078 -0.082520 -0.053711
v -0.000305 0.427734 0.097168
v -0.030518 -0.202148 -0.104980
v 0.086426 0.306641 -0.193359
v 0.032715 -0.447266 -0.014832
v -0.234375 -0.017578 -0.084473
v -0.138672 -0.376953 -0.035645
v 0.091309 0.044922 -0.136719
v 0.273438 -0.104004 -0.000664
v -0.015747 0.486328 -0.046875
v 0.001137 -0.079590 -0.189453
v 0.155273 0.458984 -0.043213
v 0.122070 -0.298828 -0.102539
v -0.135742 0.257812 0.085938
v -0.166016 -0.150391 -0.087891
v 0.082520 0.306641 0.104004
v 0.224609 -0.480469 -0.175781
v -0.092773 0.004395 0.010132
v -0.037598 -0.208984 0.098145
v 0.147461 0.075684 -0.037842
v 0.101562 -0.072266 0.044922
v -0.167969 0.388672 -0.076172
v -0.137695 -0.347656 -0.070801
v -0.000237 0.117676 0.110840
v 0.088867 -0.162109 -0.157227
v -0.130859 0.369141 0.009155
v -0.018921 -0.304688 0.002304
v 0.197266 0.208984 -0.068848
v 0.070312 -0.468750 -0.060791
v -0.208984 -0.043945 -0.094727
v -0.192383 -0.075195 -0.037354
v 0.085938 0.416016 -0.155273
v 0.314453 -0.117676 -0.018921
v -0.042480 0.084473 -0.104980
v -0.018188 -0.437500 -0.147461
v 0.163086 0.022583 0.012268
v 0.046875 -0.255859 -0.111816
v -0.128906 0.314453 0.144531
v -0.283203 -0.085449 -0.081055
v 0.000141 0.406250 0.038330
v 0.154297 -0.470703 -0.133789
v -0.061279 0.040283 0.070312
v 0.020142 -0.306641 0.002411
v 0.178711 0.208984 -0.125977
v 0.075195 -0.076172 0.097656
v -0.156250 0.460938 -0.052979
v -0.093262 -0.453125 0.000896
v 0.102539 -0.010010 -0.035889
v 0.292969 -0.129883 -0.037598
v -0.050781 0.324219 -0.197266
v -0.153320 -0.078125 -0.084961
v 0.092285 0.380859 0.089355
v 0.047119 -0.390625 -0.199219
v -0.253906 0.004578 -0.018555
v -0.326172 -0.099121 -0.055664
v -0.000702 0.361328 0.115234
v 0.146484 -0.488281 -0.220703
v -0.152344 -0.007935 -0.036865
v -0.039551 -0.237305 0.075684
v 0.172852 0.132812 -0.059570
v 0.125000 -0.077148 -0.034424
v -0.152344 0.437500 -0.076660
v -0.084961 -0.468750 -0.016846
v 0.140625 0.002869 -0.087402
v 0.302734 -0.115723 -0.009705
v 0.000202 0.427734 -0.047363
v -0.038086 -0.167969 -0.175781
v 0.153320 0.394531 -0.019775
v 0.059814 -0.406250 -0.130859
v -0.156250 0.136719 0.042236
v -0.101562 -0.265625 -0.113770
v 0.062012 0.090820 0.035400
v 0.227539 -0.092773 -0.061768
v -0.046875 0.353516 0.234375
v 0.000084 -0.269531 -0.084961
v 0.172852 0.257812 -0.125977
v 0.072754 -0.453125 0.005249
v -0.140625 0.001534 -0.086914
v -0.205078 -0.054932 0.008423
v 0.049072 0.470703 -0.102539
v 0.310547 -0.124023 -0.050293
v -0.050049 0.209961 -0.226562
v -0.043945 -0.388672 -0.091309
v 0.115234 0.141602 0.094238
v 0.018555 -0.188477 -0.172852
v -0.171875 0.345703 -0.023682
v -0.104980 -0.388672 0.017578
v 0.065430 0.092773 -0.046143
v 0.165039 -0.149414 0.018433
v -0.121094 0.365234 -0.109863
v -0.003845 -0.150391 -0.142578
v 0.126953 0.378906 0.049805
v 0.100098 -0.423828 -0.189453
v -0.172852 0.134766 -0.005615
v -0.013794 -0.216797 -0.175781
v 0.164062 0.304688 -0.019775
v 0.230469 -0.480469 -0.145508
v -0.011475 -0.019531 0.110840
v -0.012634 -0.376953 -0.036377
v 0.177734 0.061523 -0.083984
v 0.049072 -0.116211 0.090820
v -0.176758 0.386719 -0.052490
v -0.330078 -0.076172 -0.037598
v 0.049072 0.376953 -0.192383
v 0.151367 -0.296875 0.004639
v -0.086426 0.084961 -0.112793
v 0.041504 -0.482422 -0.169922
v 0.283203 -0.031738 -0.011963
v 0.085938 -0.251953 -0.116211
v -0.090332 0.257812 0.113770
v -0.160156 -0.216797 -0.078125
v 0.029785 0.172852 0.148438
v 0.251953 -0.063477 -0.088379
v -0.047363 0.458984 0.054443
v -0.087891 -0.163086 0.083984
v 0.144531 0.378906 -0.054199
v 0.031982 -0.449219 -0.060059
v -0.236328 -0.019775 -0.087402
v -0.308594 -0.123047 -0.036865
v -0.000954 0.165039 -0.223633
v 0.204102 -0.057129 0.007141
v -0.102539 0.451172 -0.050781
v -0.000114 -0.237305 -0.159180
v 0.162109 0.306641 0.028931
v 0.071777 -0.453125 -0.082031
v -0.120605 -0.019287 0.056641
v -0.195312 -0.070312 -0.062988
v 0.046631 0.361328 0.112793
v 0.224609 -0.460938 -0.179688
v -0.041748 0.083008 0.026978
v -0.047852 -0.466797 -0.019409
v 0.180664 -0.057617 -0.085938
v 0.014648 -0.263672 -0.096680
v -0.143555 0.208984 -0.176758
v -0.271484 -0.101562 -0.000235
v 0.109375 0.339844 -0.044434
v 0.109375 -0.453125 -0.058350
v -0.063477 -0.018921 -0.168945
v 0.040039 -0.367188 -0.123535
v 0.255859 -0.000877 -0.007416
v 0.074219 -0.150391 -0.183594
v -0.132812 0.416016 -0.052490
v -0.038818 -0.378906 -0.155273
v 0.112305 0.037598 0.014465
v 0.322266 -0.110840 -0.058838
v -0.047119 0.361328 0.111328
v -0.153320 -0.077637 0.015076
v 0.092773 0.451172 -0.101074
v 0.040527 -0.237305 0.076660
v -0.198242 0.208984 -0.070312
v -0.296875 -0.068848 -0.076660
v -0.000496 0.482422 0.013489
v 0.112793 -0.347656 -0.096680
v -0.081055 0.168945 0.124023
v -0.020996 -0.435547 -0.036133
v 0.167969 0.041260 -0.102051
v 0.087891 -0.163086 0.084961
v -0.170898 0.345703 -0.075684
v -0.079590 -0.343750 0.034668
v 0.134766 0.067871 -0.069336
v 0.330078 -0.098633 -0.022705
v 0.000023 0.416016 -0.182617
v -0.031006 -0.261719 -0.108398
v 0.111328 0.318359 0.189453
v 0.091309 -0.488281 -0.154297
v -0.219727 -0.035400 0.013794
v -0.097656 -0.435547 -0.081055
v -0.013123 0.042969 0.087891
v 0.088379 -0.207031 -0.151367
v -0.123047 0.339844 -0.011963
v -0.003967 -0.077637 0.122070
v 0.166992 0.431641 -0.052246
v 0.141602 -0.376953 -0.035889
v -0.141602 0.069824 -0.102051
v -0.265625 -0.112305 -0.016357
v 0.064941 0.365234 -0.162109
v 0.139648 -0.349609 -0.001518
v -0.078613 0.094238 -0.068359
v -0.009155 -0.221680 -0.185547
v 0.170898 0.292969 -0.045166
v 0.000870 -0.075195 -0.160156
v -0.152344 0.435547 -0.028809
v -0.310547 -0.052246 -0.038330
v 0.000343 0.478516 -0.105957
v 0.088867 -0.200195 0.079590
v -0.145508 0.345703 -0.054443
v 0.022705 -0.400391 -0.209961
v 0.181641 0.043945 -0.009338
v 0.037842 -0.199219 -0.128906
v -0.127930 0.337891 0.049072
v -0.043945 -0.345703 -0.098633
v 0.080078 0.145508 0.116211
v 0.298828 -0.071289 -0.076660
v 0.000473 0.484375 -0.031006
v -0.080566 -0.149414 0.104980
v 0.145508 0.345703 -0.054443
v 0.047607 -0.464844 -0.018555
v -0.279297 -0.030151 -0.064453
v -0.108887 -0.455078 -0.016113
v 0.094238 0.002319 -0.085449
v 0.261719 -0.118652 -0.036865
v -0.047607 0.257812 -0.224609
v -0.006592 -0.178711 -0.087402
v 0.128906 0.326172 0.146484
v 0.131836 -0.431641 -0.156250
v -0.107910 0.073242 0.029053
v -0.088379 -0.162109 -0.155273
v 0.129883 0.371094 0.008850
v 0.222656 -0.482422 -0.132812
v -0.013123 0.042969 0.089355
v -0.019531 -0.304688 -0.075684
v 0.091797 0.164062 -0.201172
v 0.051514 -0.070801 0.082520
v -0.160156 0.431641 -0.070801
v -0.130859 -0.226562 -0.109863
v 0.066406 0.122070 -0.022827
v 0.204102 -0.056641 -0.083496
v -0.048096 0.423828 0.088867
v 0.002060 -0.269531 0.012634
v 0.170898 0.343750 -0.075195
v 0.076172 -0.390625 0.024902
v -0.149414 0.076660 -0.038330
v -0.128906 -0.076660 0.061523
v 0.131836 0.416016 -0.052979
v 0.310547 -0.124512 -0.026001
v 0.000137 0.091797 -0.132812
v 0.004578 -0.433594 -0.127930
v 0.153320 0.016235 0.031982
v 0.017578 -0.217773 -0.182617
v -0.174805 0.306641 -0.020508
v -0.294922 -0.121582 -0.053955
v 0.042725 0.257812 0.130859
v 0.177734 -0.500000 -0.183594
v -0.110840 0.038330 0.014282
v 0.022827 -0.396484 -0.006744
v 0.255859 -0.000357 -0.062012
v 0.140625 -0.117188 -0.083008
v -0.086426 0.308594 -0.193359
v -0.086914 -0.466797 -0.057373
v 0.052979 0.041504 -0.155273
v 0.265625 -0.115234 -0.016479
v -0.063477 0.400391 -0.115234
v -0.076172 -0.072266 -0.132812
v 0.100098 0.445312 0.002060
v 0.043701 -0.347656 -0.098145
v -0.137695 0.208984 0.092773
v -0.127930 -0.392578 -0.066406
v -0.000748 0.146484 0.146484
v 0.125000 -0.160156 -0.131836
v -0.103516 0.359375 0.056641
v -0.052002 -0.070801 0.081543
v 0.156250 0.458984 -0.062500
v 0.020386 -0.304688 -0.074707
v -0.136719 0.165039 -0.169922
v -0.175781 -0.148438 -0.033691
v 0.094238 0.257812 -0.206055
v 0.123047 -0.439453 -0.036133
v -0.069336 0.008545 -0.120117
v -0.024414 -0.310547 -0.163086
v 0.177734 0.063965 -0.001633
v 0.036621 -0.163086 -0.115234
v -0.129883 0.324219 0.144531
v -0.073730 -0.150391 -0.183594
v 0.015869 0.484375 -0.046875
v 0.195312 -0.435547 -0.135742
v -0.052734 0.119629 0.101074
v 0.026367 -0.449219 -0.037354
v 0.269531 -0.044922 -0.082031
v 0.131836 -0.192383 0.053955
v -0.164062 0.304688 -0.072266
v -0.088379 -0.237305 0.054443
v 0.124023 0.104004 -0.047363
v 0.330078 -0.083496 -0.019653
v -0.048828 0.474609 -0.102539
v -0.033203 -0.195312 -0.126953
v 0.126953 0.316406 0.080078
v 0.093750 -0.494141 -0.206055
v -0.279297 -0.030273 -0.011169
v -0.326172 -0.097656 -0.020874
v 0.000183 0.406250 -0.123047
v 0.097168 -0.435547 -0.081543
v -0.051025 0.131836 -0.192383
v -0.011719 -0.263672 -0.095703
v 0.134766 0.255859 0.085449
v 0.041260 -0.071289 -0.148438
v -0.144531 0.441406 -0.037109
v -0.048828 -0.451172 -0.075684
v 0.141602 -0.000284 0.016113
v 0.330078 -0.101562 -0.056152
v -0.000603 0.361328 0.237305
v -0.124023 -0.077637 -0.034424
v 0.130859 0.378906 -0.115234
v 0.045410 -0.347656 0.026367
v -0.172852 0.133789 -0.060059
v -0.137695 -0.347656 -0.001740
v 0.049316 0.090332 -0.126953
v 0.134766 -0.149414 0.066895
v -0.127930 0.402344 -0.050537
v 0.008728 -0.220703 -0.190430
v 0.191406 0.257812 -0.013672
v 0.129883 -0.490234 -0.153320
v -0.152344 0.016968 0.031982
v -0.205078 -0.056396 -0.083008
v 0.047119 0.458984 0.055176
v 0.182617 -0.447266 -0.199219
v -0.065430 0.122070 -0.022705
v -0.072754 -0.435547 0.012390
v 0.150391 -0.005951 -0.088379
v 0.013611 -0.267578 -0.035156
v -0.160156 0.306641 -0.113770
v -0.300781 -0.113281 -0.010376
v 0.042969 0.083008 -0.105469
v 0.162109 -0.077637 -0.034180
v -0.086426 0.416016 -0.155273
v -0.001442 -0.259766 -0.126953
v 0.125977 0.306641 0.076172
v 0.098145 -0.478516 -0.228516
v -0.235352 -0.017700 0.008606
v -0.125977 -0.077148 -0.136719
v 0.051025 0.474609 0.011108
v 0.221680 -0.441406 -0.141602
v -0.029175 0.209961 0.136719
v -0.031982 -0.449219 -0.014587
v 0.163086 0.023071 -0.087891
v -0.001549 -0.149414 0.132812
v -0.170898 0.390625 -0.029663
v -0.261719 -0.117188 -0.037354
v 0.051025 0.324219 -0.197266
v 0.117188 -0.437500 -0.012146
v -0.085938 0.039062 -0.096680
v 0.035889 -0.314453 -0.140625
v 0.170898 0.166016 0.045654
v 0.153320 -0.077148 -0.085449
v -0.087891 0.343750 0.221680
v -0.071289 -0.453125 -0.081055
v 0.045166 -0.006042 0.066406
v 0.209961 -0.433594 -0.155273
v -0.083496 0.304688 0.103516
v -0.113281 -0.113770 0.058105
v 0.137695 0.400391 -0.077637
v 0.025757 -0.431641 -0.064453
v -0.179688 0.044189 -0.094727
v -0.326172 -0.080566 -0.054688
v 0.047607 0.423828 0.089844
v 0.174805 -0.435547 -0.176758
v -0.122070 0.101074 -0.013489
v -0.047119 -0.435547 0.007568
v 0.265625 -0.009094 -0.037598
v 0.167969 -0.159180 -0.035156
v -0.133789 0.324219 -0.124512
v -0.168945 -0.216797 -0.034424
v 0.097656 0.208984 -0.208984
v 0.298828 -0.069336 0.001328
v 0.000675 0.500000 -0.047852
v -0.000771 -0.205078 -0.183594
v 0.136719 0.396484 -0.027344
v 0.093262 -0.439453 -0.138672
v -0.172852 0.040527 0.025146
v -0.105469 -0.388672 -0.090332
v 0.041504 0.083008 0.026611
v 0.263672 -0.114258 -0.058594
v -0.088867 0.333984 0.099121
v 0.002991 -0.151367 -0.103516
v 0.151367 0.394531 -0.085938
v 0.086914 -0.291016 0.045654
v -0.123535 0.101562 -0.065918
v -0.130859 -0.193359 0.053467
v 0.123535 0.335938 -0.082031
v 0.185547 -0.468750 -0.117676
v 0.000870 -0.010132 -0.151367
v -0.020996 -0.392578 -0.067383
v 0.080078 0.169922 0.124512
v 0.013123 -0.152344 -0.141602
v -0.150391 0.359375 -0.011902
v -0.300781 -0.113770 -0.064941
v -0.000267 0.367188 0.095703
v 0.160156 -0.492188 -0.144531
v -0.072266 -0.017456 0.086426
v -0.018311 -0.347656 -0.071777
v 0.159180 0.135742 -0.112305
v 0.113770 -0.113770 0.058838
v -0.144531 0.443359 -0.067383
v -0.075195 -0.388672 0.025635
v 0.112305 0.036377 -0.091309
v 0.333984 -0.092773 -0.036865
v -0.000244 0.376953 -0.199219
v -0.102539 -0.072754 -0.110352
v 0.089355 0.414062 0.078125
v 0.023438 -0.308594 -0.163086
v -0.191406 0.257812 -0.013916
v -0.162109 -0.188477 -0.083008
v 0.028198 0.208984 0.137695
v 0.125977 -0.077148 -0.136719
v -0.008484 0.496094 -0.038574
v 0.000153 -0.170898 0.108398
v 0.180664 0.333984 -0.048584
v 0.114746 -0.455078 -0.036621
v -0.112793 0.034668 -0.122070
v -0.228516 -0.092773 -0.012878
v 0.063477 0.400391 -0.115234
v 0.123047 -0.300781 0.032959
v -0.065918 0.092285 -0.046631
v 0.041992 -0.476562 -0.201172
v 0.150391 -0.004822 0.011902
v 0.033447 -0.261719 -0.108887
v -0.178711 0.208984 0.044678
v -0.108887 -0.455078 -0.057861
v 0.000294 -0.018921 -0.179688
v 0.157227 -0.158203 0.015198
v -0.143555 0.328125 -0.087891
v 0.000126 -0.187500 -0.179688
v 0.162109 0.433594 -0.035400
v 0.075195 -0.390625 -0.099121
v -0.119629 0.140625 0.088867
v -0.139648 -0.116699 -0.083496
v 0.084961 0.332031 0.219727
v 0.235352 -0.472656 -0.154297
v -0.000038 0.082031 0.035400
v -0.044922 -0.298828 0.032471
v 0.189453 0.165039 -0.065918
v 0.119141 -0.073730 -0.078125
v -0.117188 0.417969 -0.108398
v -0.250000 -0.060791 0.013000
v 0.011780 0.498047 -0.047363
v 0.159180 -0.304688 -0.034668
v -0.116699 0.113770 -0.115723
v 0.035645 -0.419922 -0.123047
v 0.236328 -0.017822 0.016357
v 0.039307 -0.209961 -0.166992
v -0.164062 0.306641 -0.019409
v -0.023560 -0.369141 -0.181641
v 0.078613 0.094727 -0.009155
v 0.273438 -0.104004 -0.075195
v -0.055176 0.363281 0.083984
v -0.163086 -0.188477 0.012817
v 0.124512 0.137695 -0.156250
v 0.050293 -0.451172 0.001083
v -0.285156 -0.026123 -0.038330
v -0.310547 -0.100098 -0.006226
v 0.000237 0.132812 -0.045410
v 0.094727 -0.468750 -0.036133
v -0.153320 -0.004456 -0.087891
v -0.013916 -0.386719 -0.112305
v 0.171875 0.041748 0.024658
v 0.019653 -0.204102 -0.175781
v -0.152344 0.394531 -0.019043
v -0.006805 -0.414062 -0.201172
v 0.141602 -0.026611 -0.006866
v 0.302734 -0.116211 -0.064941
v -0.042969 0.357422 0.110352
v -0.150391 -0.041260 -0.026733
v 0.117676 0.416016 -0.107910
v 0.046631 -0.298828 0.032715
v -0.173828 0.077637 -0.048096
v -0.292969 -0.125977 -0.036865
v 0.049316 0.209961 -0.227539
v 0.251953 -0.063477 0.012573
v -0.008301 0.496094 -0.056152
v 0.000328 -0.206055 -0.177734
v 0.171875 0.343750 -0.024536
v 0.126953 -0.447266 -0.140625
v -0.112793 0.031250 0.043457
v -0.229492 -0.093262 -0.062256
v 0.046143 0.353516 0.233398
v 0.234375 -0.458984 -0.157227
v -0.051270 0.091309 0.035645
v -0.070801 -0.468750 -0.012878
v 0.142578 -0.027954 -0.070312
v 0.001427 -0.271484 -0.060547
v -0.172852 0.257812 -0.125000
v -0.093262 -0.451172 -0.075684
v -0.000420 -0.007599 0.072754
v 0.147461 -0.445312 -0.213867
v -0.108398 0.341797 -0.044189
v -0.048584 -0.116699 0.090332
v 0.176758 0.388672 -0.052002
v 0.093750 -0.455078 -0.076172
v -0.123535 0.136719 -0.157227
v -0.157227 -0.158203 0.015076
v 0.120605 0.365234 -0.110352
v 0.127930 -0.392578 -0.006958
v -0.000404 0.087402 -0.047852
v -0.000847 -0.306641 -0.171875
v 0.170898 0.133789 -0.005188
v 0.074707 -0.072266 -0.134766
v -0.125977 0.376953 0.050293
v -0.250000 -0.061523 -0.087891
v -0.000069 0.462891 0.058105
v 0.150391 -0.298828 -0.073242
v -0.080078 0.208984 0.121582
v 0.022095 -0.435547 -0.037598
v 0.236328 -0.019287 -0.087891
v 0.125977 -0.160156 0.061523
v -0.143555 0.380859 -0.053711
v -0.149414 -0.296875 0.004028
v 0.085938 0.085449 -0.113281
v 0.332031 -0.078613 -0.036133
v -0.049561 0.375000 -0.191406
v -0.048096 -0.259766 -0.110840
v 0.088379 0.333984 0.099609
v 0.093262 -0.496094 -0.181641
v -0.308594 -0.056641 -0.015991
v -0.121094 -0.298828 -0.102539
v -0.000954 0.096680 0.038086
v 0.166992 -0.149414 -0.087402
v -0.089844 0.339844 0.102051
v -0.020752 -0.265625 -0.076172
v 0.131836 0.292969 -0.166016
v 0.071289 -0.468750 -0.014587
v -0.218750 -0.035889 -0.088867
v -0.182617 -0.063477 0.009033
v 0.102051 0.453125 -0.051270
v 0.308594 -0.126953 -0.038086
v -0.000748 0.210938 -0.233398
v -0.026245 -0.433594 -0.062988
v 0.120117 -0.019531 0.056641
v 0.026001 -0.189453 -0.148438
v -0.136719 0.363281 0.000385
v -0.273438 -0.102051 -0.075195
v 0.041260 0.357422 0.110840
v 0.188477 -0.468750 -0.208984
v -0.077637 0.095215 -0.009583
v 0.000465 -0.211914 0.104492
v 0.197266 0.208984 -0.011719
v 0.195312 -0.070312 -0.011597
v -0.092285 0.451172 -0.100098
v -0.094727 -0.466797 -0.033203
v 0.070312 0.007507 -0.120117
v 0.310547 -0.102539 -0.005341
v -0.077148 0.412109 -0.048584
v -0.045166 -0.116699 -0.160156
v 0.146484 0.441406 -0.036133
v 0.063965 -0.396484 -0.141602
v -0.170898 0.166016 0.045166
v -0.333984 -0.088867 -0.039062
v -0.000282 0.369141 -0.176758
v 0.106445 -0.386719 0.016724
v -0.133789 0.068359 -0.069824
v 0.049805 -0.476562 -0.146484
v 0.218750 -0.037842 0.013245
v 0.045654 -0.298828 -0.103516
v -0.112305 0.318359 0.189453
v -0.045898 -0.298828 -0.104004
v 0.079102 0.208984 0.122070
v 0.320312 -0.091797 -0.064941
v 0.000122 0.496094 -0.035156
v -0.045166 -0.257812 0.037109
v 0.149414 0.357422 -0.089355
v 0.049072 -0.451172 -0.076172
v -0.148438 0.018921 -0.109375
v -0.111328 -0.347656 0.025879
v 0.079590 0.093750 -0.067871
v 0.224609 -0.098145 -0.037109
v -0.065918 0.365234 -0.161133
v -0.040283 -0.071289 -0.147461
v 0.114258 0.416016 0.037598
v 0.112305 -0.439453 -0.222656
v -0.190430 0.165039 -0.009766
v -0.087402 -0.206055 -0.150391
v 0.123535 0.339844 -0.011902
v 0.206055 -0.496094 -0.141602
v -0.045410 -0.005920 0.065918
v -0.021240 -0.392578 -0.006958
v 0.122070 0.070801 -0.106934
v -0.000633 -0.149414 0.132812
v -0.166016 0.431641 -0.052734
v -0.126953 -0.390625 -0.006439
v 0.000587 0.082031 -0.116699
v 0.080078 -0.149414 0.105957
v -0.134766 0.373047 -0.051758
v 0.000595 -0.119629 -0.172852
v 0.153320 0.435547 -0.029297
v 0.078125 -0.345703 -0.106934
v -0.130859 0.166992 0.094238
v -0.155273 -0.158203 -0.085449
v 0.088867 0.257812 0.113770
v 0.186523 -0.486328 -0.202148
v -0.104004 -0.008301 -0.035889
v -0.044434 -0.345703 0.026611
v 0.176758 0.074707 -0.043457
v 0.118652 -0.073242 0.012695
v -0.150391 0.396484 -0.086426
v -0.239258 -0.078613 0.006927
v 0.011047 0.484375 -0.058105
v 0.139648 -0.347656 -0.070801
v -0.049316 0.166016 -0.217773
v 0.043213 -0.408203 -0.088379
v 0.269531 -0.043945 0.006561
v 0.038574 -0.237305 -0.150391
v -0.143555 0.330078 -0.006744
v -0.087402 -0.250000 -0.116211
v 0.064453 0.101074 0.036133
v 0.310547 -0.059082 -0.060059
v -0.047852 0.363281 0.235352
v -0.147461 -0.117188 -0.033936
v 0.099609 0.322266 -0.172852
v 0.047607 -0.437500 0.006836
v -0.250000 -0.005676 -0.064941
v -0.132812 -0.149414 -0.142578
v 0.011597 0.484375 -0.035889
v 0.171875 -0.500000 -0.164062
v -0.070312 0.009399 0.047363
v -0.011108 -0.304688 -0.036621
v 0.172852 0.165039 -0.121094
v 0.128906 -0.076172 0.061768
v -0.142578 0.447266 -0.051514
v -0.071777 -0.453125 0.005951
v 0.141602 -0.036865 -0.036865
v 0.322266 -0.109375 -0.016846
v 0.000404 0.101074 -0.128906
v -0.021973 -0.156250 -0.134766
v 0.127930 0.328125 0.081055
v 0.079102 -0.423828 -0.217773
v -0.185547 0.045166 -0.010620
v -0.149414 -0.298828 -0.073242
v 0.039795 0.147461 0.134766
v 0.238281 -0.080566 -0.082031
v -0.084961 0.451172 0.032227
v -0.000168 -0.239258 0.076172
v 0.191406 0.255859 -0.069824
v 0.086914 -0.466797 -0.057617
v -0.118652 -0.019775 -0.129883
v -0.225586 -0.097168 -0.036865
v 0.043945 0.414062 -0.175781
v 0.296875 -0.124512 -0.020630
v -0.065430 0.103027 -0.124023
v -0.035645 -0.386719 -0.129883
v 0.134766 0.069824 -0.007690
v 0.034424 -0.205078 -0.105957
v -0.126953 0.316406 0.079590
v -0.330078 -0.091797 -0.048828
v -0.000458 0.371094 0.238281
v 0.136719 -0.433594 -0.186523
v -0.120117 0.112305 0.029419
v -0.026855 -0.433594 -0.011108
v 0.235352 -0.019531 -0.083496
v 0.021362 -0.265625 -0.076172
v -0.127930 0.306641 -0.160156
v -0.122070 -0.439453 -0.035645
v 0.069824 0.132812 -0.185547
v 0.322266 -0.091797 -0.011108
v -0.000305 0.496094 -0.059570
v -0.021973 -0.253906 -0.152344
v 0.172852 0.257812 0.040527
v 0.047119 -0.462891 -0.058105
v -0.208984 -0.043945 0.023804
v -0.020752 -0.429688 -0.175781
v 0.086914 0.040039 0.015442
v 0.163086 -0.187500 -0.082520
v -0.040527 0.308594 0.123047
v 0.000351 -0.120117 0.101562
v 0.169922 0.388672 -0.075684
v 0.081055 -0.345703 0.035645
v -0.124023 0.103516 -0.047607
v -0.134766 -0.149414 0.066895
v 0.128906 0.402344 -0.050781
v 0.210938 -0.453125 -0.120117
v -0.048828 0.090332 -0.126953
v -0.032715 -0.255859 -0.129883
v 0.156250 0.136719 0.043213
v 0.000336 -0.151367 -0.197266
v -0.155273 0.458984 -0.042725
v -0.314453 -0.114258 -0.019043
v 0.000175 0.124023 -0.092285
v 0.190430 -0.074707 -0.036621
v -0.070801 0.445312 -0.139648
v -0.010010 -0.208008 -0.094727
v 0.113770 0.330078 0.189453
v 0.093750 -0.464844 -0.142578
v -0.158203 0.020020 0.013611
v -0.111328 -0.114258 -0.125977
v 0.128906 0.404297 0.000137
v 0.214844 -0.443359 -0.129883
v -0.000641 0.173828 0.163086
v -0.048828 -0.464844 -0.057129
v 0.208984 -0.043701 -0.094727
v 0.046631 -0.255859 0.037598
v -0.174805 0.306641 -0.063477
v -0.332031 -0.090820 -0.028442
v 0.032227 0.306641 -0.215820
v 0.098145 -0.437500 0.005829
v -0.142578 -0.026489 -0.069336
v 0.028687 -0.355469 -0.179688
v 0.257812 0.006805 -0.034668
v 0.111816 -0.114746 -0.125977
v -0.114746 0.417969 0.036865
v -0.075195 -0.388672 -0.098633
v 0.051270 0.119141 0.101074
v 0.133789 -0.149414 -0.142578
v -0.051025 0.476562 0.010986
v -0.077148 -0.075195 0.095703
v 0.143555 0.447266 -0.051270
v 0.020996 -0.265625 0.005951
v -0.179688 0.208984 -0.126953
v -0.318359 -0.108398 -0.057617
v -0.000824 0.208984 0.148438
v 0.070801 -0.078125 -0.176758
v -0.100098 0.447266 0.001663
v -0.037354 -0.168945 0.102051
v 0.171875 0.388672 -0.029907
v 0.069824 -0.472656 -0.036621
v -0.162109 0.026611 -0.088379
v -0.197266 -0.069336 -0.010193
v 0.070312 0.445312 -0.139648
v 0.161133 -0.217773 0.009888
v -0.062500 0.118652 -0.080078
v 0.050293 -0.458984 -0.224609
v 0.151367 -0.009644 -0.036133
v 0.035400 -0.257812 -0.132812
v -0.174805 0.257812 0.039795
v -0.129883 -0.196289 -0.123535
v 0.065430 0.400391 0.029419
v 0.192383 -0.486328 -0.123535
v -0.010132 -0.019531 0.113281
v 0.019653 -0.349609 -0.071777
v 0.136719 0.166016 -0.169922
v 0.153320 -0.077148 0.014771
v -0.136719 0.402344 -0.077148
v -0.097168 -0.435547 0.007568
v 0.087402 0.038086 -0.096191
v 0.328125 -0.113770 -0.038086
v -0.035156 0.308594 -0.215820
v -0.119141 -0.072754 -0.078613
v 0.087402 0.341797 0.220703
v 0.042236 -0.359375 -0.153320
v -0.198242 0.208984 -0.012146
v -0.296875 -0.068359 0.001373
v 0.008240 0.494141 -0.055420
v 0.170898 -0.216797 -0.034180
v -0.094727 0.166016 -0.201172
v 0.017090 -0.378906 -0.110352
v 0.234375 -0.019409 0.008667
v 0.039307 -0.167969 -0.174805
v -0.135742 0.394531 -0.027466
v -0.036865 -0.320312 -0.139648
v 0.123047 0.100098 -0.013367
v 0.330078 -0.095215 -0.049316
v -0.000374 0.367188 0.118652
v -0.020386 -0.265625 0.005859
v 0.165039 0.304688 -0.094727
v 0.073242 -0.437500 0.011902
v -0.257812 -0.002365 -0.037598
v -0.114258 -0.453125 -0.035889
v 0.063965 -0.020142 -0.168945
v 0.164062 -0.188477 0.013123
v -0.123535 0.337891 -0.082031
v 0.001526 -0.186523 -0.157227
v 0.151367 0.359375 -0.011841
v 0.072266 -0.437500 -0.087402
v -0.081055 0.144531 0.115723
v -0.263672 -0.112305 -0.058838
v 0.040527 0.308594 0.123047
v 0.216797 -0.492188 -0.161133
v -0.086426 0.041260 0.015198
v -0.085938 -0.289062 0.044678
v 0.117188 0.114746 -0.115723
v 0.031494 -0.173828 -0.095703
v -0.130859 0.378906 -0.114746
v -0.326172 -0.108887 -0.037354
v -0.000107 0.324219 -0.204102
v 0.087402 -0.468750 -0.018188
v -0.111816 0.037598 -0.092285
v -0.000313 -0.250000 -0.160156
v 0.189453 0.165039 -0.009094
v 0.105469 -0.073730 -0.107422
v -0.091797 0.386719 0.088379
v -0.071289 -0.468750 -0.060791
v 0.069824 -0.018921 0.090332
v 0.316406 -0.117676 -0.056152
v -0.000031 0.308594 0.129883
v -0.100586 -0.071777 0.044922
v 0.145508 0.443359 -0.066895
v 0.013916 -0.378906 -0.036865
v -0.160156 0.136719 -0.112793
v -0.122559 -0.296875 0.032959
v 0.082520 0.100586 -0.036621
v 0.228516 -0.093750 -0.013428
v -0.037842 0.449219 -0.150391
v 0.032959 -0.320312 -0.114258
v 0.177734 0.209961 0.044434
v 0.141602 -0.498047 -0.199219
v -0.142578 -0.026123 -0.005859
v -0.069824 -0.078125 -0.175781
v 0.054688 0.478516 -0.049072
v 0.229492 -0.449219 -0.152344
v -0.002136 0.091309 0.049072
v -0.041016 -0.464844 -0.036865
v 0.149414 0.018066 -0.109375
v 0.038574 -0.168945 0.103027
v -0.179688 0.335938 -0.048828
v -0.113281 -0.347656 -0.096680
v 0.024536 0.091309 0.041748
v 0.156250 -0.158203 -0.084961
v -0.085938 0.332031 0.218750
v -0.117676 -0.073242 0.013062
v 0.153320 0.435547 -0.075684
v 0.087891 -0.236328 0.055664
v -0.191406 0.165039 -0.065918
v -0.165039 -0.148438 0.018921
v 0.143555 0.328125 -0.087402
v 0.214844 -0.476562 -0.121094
v 0.000221 0.042236 -0.163086
v -0.014099 -0.326172 -0.102051
v 0.130859 0.166992 0.094238
v 0.047119 -0.116699 -0.160156
v -0.128906 0.404297 0.000599
v -0.310547 -0.102051 -0.068848
v 0.054688 0.363281 0.084473
v 0.149414 -0.466797 -0.225586
v -0.133789 0.071289 -0.008423
v -0.049316 -0.451172 0.000927
v 0.281250 -0.031982 -0.063965
v 0.171875 -0.187500 -0.034180
v -0.139648 0.257812 -0.172852
v -0.160156 -0.216797 0.009521
v 0.065430 0.104004 -0.123047
v 0.285156 -0.086914 0.006409
v -0.011658 0.496094 -0.047607
v -0.019043 -0.187500 -0.173828
v 0.136719 0.363281 0.000652
v 0.065918 -0.453125 -0.135742
v -0.239258 -0.019409 0.015320
v -0.320312 -0.090332 -0.065918
v 0.008301 0.494141 -0.038574
v 0.156250 -0.451172 -0.136719
v -0.097656 0.121582 0.079102
v -0.025635 -0.449219 -0.036621
v 0.219727 -0.037842 -0.088867
v 0.039062 -0.207031 0.099121
v -0.171875 0.292969 -0.045166
v -0.130859 -0.221680 0.043945
v 0.125000 0.100586 -0.065430
v 0.314453 -0.054443 -0.037354
v -0.000320 0.451172 -0.156250
v -0.022705 -0.189453 -0.148438
v 0.127930 0.335938 0.049072
v 0.106445 -0.458984 -0.232422
v -0.250000 -0.005493 -0.011292
v -0.116699 -0.437500 -0.061523
v 0.057373 0.041016 0.073242
v 0.130859 -0.194336 -0.124512
v -0.065430 0.400391 0.030151
v -0.006409 -0.077637 0.119141
v 0.161133 0.431641 -0.071289
v 0.105957 -0.390625 -0.091309
v -0.097656 0.208984 -0.208984
v -0.169922 -0.168945 -0.035156
v 0.046143 0.259766 -0.225586
v 0.108887 -0.455078 -0.015991
v -0.094727 0.003403 -0.083984
v -0.034912 -0.324219 -0.116699
v 0.113281 0.071289 0.028931
v 0.016846 -0.208984 -0.095215
v -0.114258 0.330078 0.190430
v -0.308594 -0.120117 -0.027222
v -0.000969 0.131836 -0.196289
v 0.239258 -0.081543 0.005585
v -0.055176 0.478516 -0.048584
v 0.000214 -0.221680 -0.193359
v 0.174805 0.306641 -0.021606
v 0.125977 -0.468750 -0.140625
v -0.152344 -0.004364 0.012329
v -0.180664 -0.059326 -0.083496
v 0.089844 0.435547 0.058350
v 0.217773 -0.443359 -0.172852
v -0.000008 0.122070 0.007507
v -0.044922 -0.388672 0.018433
v 0.225586 0.026001 -0.037109
v 0.140625 -0.117188 0.015564
v -0.147461 0.357422 -0.089355
v -0.283203 -0.084473 0.007080
v 0.077148 0.412109 -0.048584
v 0.117676 -0.437500 -0.062500
v -0.054932 0.041504 -0.153320
v 0.013611 -0.322266 -0.101074
v 0.136719 0.208008 0.091797
v 0.098633 -0.072754 -0.117188
v -0.087402 0.427734 0.067871
v -0.072266 -0.437500 -0.086914
v 0.070801 0.008728 0.047607
v 0.296875 -0.124512 -0.053955
v -0.043213 0.257812 0.130859
v -0.162109 -0.078125 -0.033936
v 0.096191 0.375000 -0.166016
v 0.019897 -0.347656 -0.002090
v -0.253906 0.001984 -0.060547
v -0.115234 -0.435547 -0.010864
v 0.039062 0.008423 -0.134766
v 0.161133 -0.216797 -0.077637
v -0.094238 0.257812 -0.206055
v -0.032227 -0.162109 -0.117188
v 0.090332 0.341797 0.101074
v 0.061279 -0.390625 -0.172852
v -0.179688 0.062988 -0.000679
v -0.124023 -0.160156 -0.130859
v 0.103516 0.359375 0.056152
v 0.227539 -0.460938 -0.133789
v -0.041260 0.147461 0.134766
v -0.013184 -0.267578 -0.035889
v 0.142578 0.208984 -0.175781
v 0.078125 -0.072266 0.069336
v -0.155273 0.458984 -0.061523
v -0.326172 -0.079102 -0.021851
v 0.037598 0.447266 -0.151367
v 0.131836 -0.222656 0.044922
v -0.081543 0.101074 -0.037598
v 0.062988 -0.439453 -0.228516
v 0.287109 -0.028076 -0.038086
v 0.130859 -0.227539 -0.110352
v -0.098633 0.337891 0.093750
v -0.079102 -0.343750 -0.106445
v 0.096680 0.121094 0.079102
v 0.285156 -0.087402 -0.081543
v -0.010986 0.484375 -0.035645
v -0.087891 -0.200195 0.079102
v 0.165039 0.302734 -0.072266
v 0.041016 -0.464844 -0.037109
v -0.267578 -0.044434 -0.083008
v -0.310547 -0.117676 -0.051514
v -0.000252 0.257812 0.142578
v 0.136719 -0.498047 -0.176758
v -0.141602 0.000427 0.016968
v -0.019043 -0.347656 -0.001953
v 0.182617 0.042969 -0.067871
v 0.148438 -0.117676 -0.034424
v -0.096191 0.375000 -0.166992
v -0.143292 0.323438 -0.046221
v 0.000626 -0.208543 -0.176021
v 0.000095 0.483695 -0.046820
v 0.146284 0.326198 -0.046379
vn 0.8497 0.2876 0.4419
vn -0.4889 -0.8559 0.1684
vn 0.0248 -0.1382 0.9901
vn -0.0447 -0.1002 0.9940
vn -0.1201 -0.6197 0.7756
vn 0.9475 0.3078 0.0864
vn 0.8536 0.0882 0.5135
vn 0.8291 0.2992 0.4722
vn 0.2332 -0.1283 -0.9639
vn -0.1034 -0.0816 -0.9913
vn 0.1792 -0.0946 -0.9793
vn -0.1965 -0.1806 -0.9637
vn -0.2189 -0.0807 -0.9724
vn 0.2319 -0.1342 -0.9634
vn -0.7488 0.3140 0.5837
vn -0.5039 0.2652 0.8221
vn -0.5152 0.2542 0.8185
vn -0.6871 0.4910 0.5356
vn -0.4610 0.4742 0.7501
vn -0.7346 0.2713 0.6219
vn -0.8197 0.2399 0.5201
vn -0.8544 0.5077 0.1112
vn -0.7652 0.4397 0.4703
vn -0.7768 0.2935 0.5572
vn -0.9228 0.3654 0.1219
vn -0.8795 0.4701 0.0741
vn 0.9783 0.0890 -0.1871
vn 0.8021 0.1276 -0.5834
vn 0.8112 0.1498 -0.5653
vn -0.2393 -0.2037 0.9494
vn -0.6845 -0.1796 0.7065
vn -0.7360 -0.1513 0.6598
vn -0.1891 -0.2202 0.9569
vn -0.2369 -0.2459 0.9399
vn -0.7007 -0.1092 0.7051
vn -0.4384 0.5678 -0.6967
vn -0.4364 0.7928 -0.4255
vn -0.3263 0.5598 -0.7617
vn -0.5713 0.7802 -0.2546
vn -0.3617 0.5234 -0.7715
vn -0.5069 0.1813 0.8428
vn -0.5215 -0.1011 0.8472
vn -0.8184 0.0135 0.5745
vn -0.5290 -0.1107 0.8413
vn 0.8356 0.5431 0.0831
vn 0.5300 0.8100 -0.2511
vn 0.5235 0.8173 -0.2405
vn 0.8081 0.5232 -0.2707
vn 0.8750 0.4665 -0.1293
vn 0.5634 0.8231 0.0705
vn 0.0673 -0.2918 0.9541
vn -0.0559 0.2422 0.9686
vn -0.0000 -0.2425 0.9701
vn 0.6952 0.0190 0.7186
vn 0.6743 0.1791 0.7164
vn -0.2280 0.3460 -0.9101
vn -0.4220 0.1754 -0.8895
vn -0.3916 0.4169 -0.8203
vn -0.4723 0.3005 -0.8287
vn -0.3203 0.1558 -0.9344
vn -0.3770 0.1539 -0.9133
vn -0.2207 0.3428 -0.9131
vn -0.1395 -0.8030 -0.5795
vn -0.1250 -0.8115 -0.5708
vn -0.0781 -0.9866 -0.1435
vn -0.3386 -0.7765 -0.5315
vn -0.0012 -0.9862 -0.1658
vn 0.3882 -0.7483 0.5379
vn 0.6856 -0.1422 0.7140
vn 0.7280 -0.4098 0.5497
vn 0.4327 -0.8273 0.3581
vn -0.1622 0.1885 -0.9686
vn 0.2512 -0.1306 -0.9591
vn -0.1795 -0.1310 -0.9750
vn 0.1847 0.1869 -0.9649
vn 0.2027 -0.1791 -0.9627
vn -0.9468 0.2522 0.1999
vn -0.6446 0.3291 0.6900
vn -0.5196 0.2338 0.8218
vn -0.6273 0.1804 0.7576
vn -0.9386 0.2259 0.2607
vn -0.9277 0.2701 0.2577
vn -0.6436 0.3661 -0.6721
vn -0.6925 0.6731 -0.2595
vn -0.5502 0.4681 -0.6915
vn -0.7773 0.5756 -0.2540
vn -0.6927 0.6730 -0.2592
vn -0.6534 0.3684 -0.6613
vn 0.1216 0.9924 -0.0170
vn 0.0476 -0.2039 0.9778
vn 0.2646 -0.1612 0.9508
vn 0.2094 -0.2269 0.9511
vn 0.0441 -0.1001 0.9940
vn 0.4719 0.8815 -0.0187
vn 0.1577 0.9870 -0.0321
vn 0.0198 0.7039 0.7101
vn -0.0834 0.9958 0.0371
vn -0.0827 0.9956 0.0448
vn 0.1530 0.9791 0.1342
vn 0.0060 0.7292 0.6842
vn -0.3256 0.7807 0.5333
vn -0.1937 -0.9297 0.3134
vn -0.0722 -0.9928 0.0953
vn -0.0571 -0.9926 0.1068
vn -0.0616 -0.9530 0.2966
vn -0.2238 -0.9699 0.0958
vn -0.2366 -0.9302 0.2807
vn -0.6473 -0.4217 0.6350
vn -0.9631 -0.1554 0.2196
vn -0.8631 -0.4206 0.2797
vn -0.9337 -0.2880 0.2129
vn -0.6879 -0.1830 0.7024
vn 0.6307 0.7212 -0.2866
vn 0.4334 0.5451 -0.7177
vn 0.4497 0.5295 -0.7193
vn 0.6297 0.7223 -0.2859
vn 0.6195 0.7433 -0.2525
vn 0.5588 0.7414 -0.3716
vn 0.9546 0.2005 0.2204
vn 0.9642 0.1971 -0.1773
vn -0.8087 0.1165 -0.5765
vn -0.4476 0.1274 -0.8851
vn -0.9452 -0.2330 0.2286
vn -0.9493 -0.2280 -0.2164
vn -0.9457 -0.2428 0.2161
vn -0.9711 -0.1397 -0.1933
vn -0.9691 -0.1437 0.2002
vn -0.9495 -0.2381 -0.2044
vn -0.9708 -0.1408 0.1942
vn 0.1164 -0.2146 -0.9697
vn 0.2770 -0.5784 -0.7673
vn 0.3420 -0.2041 -0.9173
vn 0.3467 -0.2100 -0.9142
vn 0.1217 -0.6591 -0.7421
vn 0.0923 -0.6330 -0.7686
vn 0.5389 0.4709 0.6985
vn 0.7851 0.5700 0.2425
vn 0.6612 0.3124 0.6820
vn 0.5527 0.2857 0.7829
vn 0.6693 0.7009 0.2466
vn 0.6975 0.6879 0.2007
vn -0.8646 0.2396 -0.4417
vn -0.3866 0.1808 -0.9044
vn -0.4569 0.2543 -0.8524
vn -0.4907 -0.0350 -0.8706
vn -0.4700 0.2143 -0.8563
vn -0.2921 -0.0412 -0.9555
vn 0.5088 0.0032 0.8609
vn 0.5161 -0.0184 0.8563
vn -0.1402 0.1967 0.9704
vn -0.6376 -0.3917 -0.6634
vn -0.2619 -0.3657 -0.8931
vn -0.6447 -0.2553 -0.7205
vn -0.6627 -0.3540 -0.6599
vn -0.2320 -0.2613 -0.9370
vn -0.2285 -0.3101 -0.9228
vn -0.1709 0.1352 0.9760
vn -0.5362 0.4672 0.7030
vn -0.4694 0.5305 0.7059
vn -0.1773 0.1812 0.9673
vn -0.5354 0.4870 0.6900
vn -0.2548 0.1006 0.9617
vn -0.8415 -0.4464 0.3042
vn -0.4412 -0.5500 0.7091
vn -0.6887 -0.1411 0.7112
vn -0.4361 -0.5050 0.7448
vn -0.7410 -0.6019 0.2977
vn -0.1287 0.1997 -0.9714
vn -0.1253 0.0604 -0.9903
vn 0.1016 0.2317 -0.9675
vn 0.0085 0.2929 -0.9561
vn 0.1042 0.0587 -0.9928
vn 0.1446 -0.7825 0.6057
vn 0.1370 -0.7780 0.6131
vn 0.2189 -0.3825 0.8976
vn 0.2140 -0.3883 0.8963
vn 0.4359 -0.7620 0.4789
vn 0.6676 -0.3839 0.6379
vn 0.6047 -0.7669 -0.2152
vn 0.6065 -0.7625 -0.2255
vn 0.6208 -0.7826 0.0460
vn 0.5776 -0.8163 -0.0122
vn 0.5708 -0.7883 -0.2297
vn 0.1614 0.5196 -0.8391
vn -0.3427 0.2996 -0.8904
vn -0.3748 0.2561 -0.8910
vn -0.3392 0.2795 -0.8983
vn 0.2795 0.3142 -0.9073
vn 0.1879 0.5504 -0.8135
vn 0.5719 0.7686 0.2868
vn 0.4432 0.5664 0.6949
vn 0.6247 0.7082 0.3290
vn 0.4362 0.5692 0.6970
vn 0.4393 0.5698 0.6945
vn 0.5546 0.7245 0.4094
vn 0.9271 0.0860 -0.3648
vn 0.3775 0.9096 0.1737
vn 0.2266 0.9734 0.0353
vn 0.3533 0.3535 -0.8661
vn 0.4815 0.2240 -0.8473
vn -0.9850 -0.1545 -0.0773
vn -0.3267 0.9437 0.0530
vn -0.9986 0.0504 -0.0151
vn -0.9866 -0.1613 -0.0251
vn -0.4668 0.4913 0.7353
vn 0.6799 -0.3134 -0.6630
vn 0.6916 -0.1954 -0.6953
vn 0.2484 -0.3241 -0.9128
vn 0.6577 -0.1630 -0.7355
vn 0.6268 -0.3891 -0.6750
vn 0.2482 -0.2287 -0.9413
vn 0.2946 0.0596 0.9538
vn -0.0328 -0.6802 0.7323
vn 0.2314 0.3265 0.9164
vn 0.8001 0.2526 0.5441
vn 0.5362 0.2827 0.7953
vn 0.4913 0.3317 0.8053
vn 0.4918 0.2922 0.8202
vn 0.3838 -0.5689 -0.7274
vn 0.5998 -0.2891 -0.7461
vn 0.1336 -0.4348 -0.8906
vn 0.1340 -0.4288 -0.8934
vn 0.6059 -0.1039 -0.7887
vn 0.4314 0.0482 -0.9009
vn 0.1658 0.9777 -0.1287
vn 0.1525 0.9862 0.0647
vn -0.0876 0.9874 -0.1317
vn -0.1375 0.9866 -0.0876
vn 0.1435 0.9870 0.0728
vn -0.1180 0.9910 0.0630
vn 0.1341 0.9784 -0.1571
vn -0.1413 0.9891 0.0423
vn -0.4174 0.2526 0.8729
vn -0.4375 0.1283 0.8900
vn -0.4235 0.1399 0.8950
vn -0.4612 0.2729 0.8443
vn -0.7133 0.2463 0.6562
vn -0.6748 0.3989 0.6208
vn 0.9034 0.2798 0.3251
vn 0.9355 0.2939 -0.1964
vn -0.7455 0.6443 -0.1704
vn -0.7436 0.6566 0.1266
vn -0.9789 0.0307 0.2021
vn -0.9771 0.0020 -0.2128
vn -0.9765 0.0460 -0.2105
vn -0.9830 -0.0243 -0.1819
vn -0.9811 -0.0255 0.1917
vn -0.9792 -0.0164 0.2021
vn -0.9348 -0.1800 -0.3062
vn -0.6746 -0.5398 -0.5035
vn -0.6772 -0.4795 -0.5581
vn -0.7831 -0.1853 -0.5936
vn -0.8418 -0.4593 -0.2837
vn -0.9345 -0.1763 -0.3092
vn 0.1268 -0.7752 0.6189
vn -0.2401 -0.8470 0.4742
vn 0.2361 -0.9359 0.2616
vn 0.2612 -0.9108 0.3198
vn -0.2499 -0.8629 0.4392
vn -0.1848 -0.9438 0.2740
vn 0.2939 0.9528 -0.0763
vn 0.1736 0.8178 -0.5487
vn 0.1832 0.9805 -0.0704
vn 0.3109 0.7693 -0.5581
vn 0.1185 0.9759 -0.1831
vn 0.3515 0.7711 -0.5309
vn -0.5476 -0.8045 -0.2301
vn -0.4299 -0.6524 -0.6241
vn -0.4360 -0.6482 -0.6243
vn -0.5938 -0.7730 -0.2233
vn -0.4296 -0.6546 -0.6221
vn -0.5953 -0.7696 -0.2307
vn -0.1401 0.3881 -0.9109
vn -0.3573 0.5807 -0.7315
vn -0.1597 0.3688 -0.9157
vn -0.4078 0.3691 -0.8351
vn -0.3092 0.6157 -0.7248
vn -0.1195 0.6180 -0.7771
vn -0.4878 -0.1474 0.8604
vn -0.1842 0.5461 0.8172
vn -0.9900 0.0428 0.1343
vn -0.4098 0.8102 0.4191
vn -0.9803 -0.0287 0.1956
vn -0.3299 -0.9407 -0.0793
vn 0.9195 -0.1944 0.3416
vn 0.9954 -0.0949 -0.0153
vn -0.4120 -0.9112 0.0063
vn 0.9203 -0.1917 0.3410
vn 0.6619 0.7477 0.0523
vn 0.2167 0.9758 -0.0280
vn 0.2231 0.6097 0.7606
vn 0.5860 0.4457 0.6768
vn 0.2561 0.9664 0.0202
vn 0.6498 0.7553 0.0858
vn -0.0983 0.4332 0.8959
vn -0.1738 0.2283 0.9580
vn -0.2420 0.6047 0.7588
vn -0.4353 0.5443 0.7171
vn -0.1078 0.2436 0.9639
vn -0.3599 0.6574 0.6621
vn -0.4452 0.5791 0.6830
vn 0.4261 -0.6414 -0.6380
vn 0.3285 -0.7029 -0.6309
vn 0.1490 -0.2183 -0.9644
vn 0.1127 -0.2028 -0.9727
vn 0.0021 -0.3000 -0.9539
vn 0.3246 -0.7021 -0.6339
vn 0.5273 0.8354 0.1552
vn 0.4286 0.8298 0.3575
vn 0.4193 0.8433 0.3362
vn 0.7411 0.6665 0.0813
vn 0.7821 0.5343 0.3207
vn 0.7153 0.6645 0.2161
vn -0.4590 0.1975 0.8662
vn -0.3224 0.7717 0.5483
vn -0.0121 0.1735 0.9848
vn 0.0845 0.6875 0.7213
vn 0.0734 0.7093 0.7011
vn -0.4490 0.1763 0.8760
vn -0.3972 -0.3024 0.8665
vn -0.3708 -0.4809 0.7945
vn -0.4362 0.2879 0.8525
vn -0.4192 0.3473 0.8388
vn -0.3563 0.2952 0.8865
vn -0.2664 -0.3692 0.8903
vn -0.2307 -0.9728 0.0216
vn 0.1302 -0.9776 0.1652
vn -0.1549 -0.9765 -0.1500
vn -0.0456 -0.9856 0.1629
vn -0.2423 -0.9670 -0.0783
vn 0.2549 -0.9620 -0.0983
vn 0.1947 -0.9673 -0.1626
vn 0.2575 -0.9662 -0.0073
vn 0.6135 0.1606 -0.7732
vn 0.8415 0.1634 -0.5150
vn 0.5761 0.1754 -0.7983
vn 0.3958 0.2462 -0.8847
vn 0.6062 0.1335 -0.7840
vn -0.1252 -0.7918 -0.5978
vn -0.2374 -0.8430 0.4827
vn 0.0229 -0.6633 0.7480
vn 0.2631 -0.9453 0.1930
vn -0.1068 -0.9812 0.1606
vn -0.0424 -0.6702 0.7410
vn 0.2899 -0.8461 0.4472
vn 0.1672 -0.9721 0.1646
vn -0.2300 -0.9492 0.2147
vn -0.9903 0.1386 -0.0000
vn -0.9468 0.3219 -0.0000
vn -0.9371 0.1439 -0.3180
vn -0.8890 0.3445 -0.3016
vn -0.9420 0.1319 -0.3086
vn -0.6727 -0.3294 0.6626
vn -0.4156 -0.0463 0.9084
vn -0.8305 -0.1065 0.5467
vn -0.6539 0.4134 0.6337
vn -0.4169 -0.0320 0.9084
vn -0.8452 0.1311 0.5182
vn 0.4690 0.2551 -0.8455
vn 0.3908 0.3468 -0.8526
vn 0.9295 -0.2750 -0.2459
vn 0.9438 -0.2543 -0.2111
vn 0.6949 -0.2800 -0.6624
vn 0.9328 -0.2486 -0.2608
vn 0.7057 -0.2342 -0.6687
vn 0.6512 -0.2258 -0.7245
vn -0.5087 -0.5024 -0.6992
vn -0.1915 -0.8894 -0.4152
vn -0.3397 -0.8457 -0.4117
vn -0.5215 -0.5392 -0.6613
vn -0.2489 -0.8868 -0.3894
vn -0.2536 -0.5320 -0.8079
vn 0.8945 -0.3752 -0.2431
vn 0.5556 -0.6694 -0.4932
vn 0.6385 -0.7292 -0.2462
vn 0.7011 -0.6872 -0.1905
vn -0.4197 -0.4561 0.7847
vn -0.5972 -0.8015 0.0319
vn 0.1759 -0.0228 0.9841
vn 0.8503 -0.0003 -0.5262
vn 0.8808 0.0900 -0.4648
vn 0.3221 0.1771 -0.9300
vn 0.8542 -0.0042 -0.5200
vn 0.8581 0.0774 -0.5077
vn 0.3170 0.0456 -0.9473
vn -0.8437 0.4976 0.2015
vn -0.9146 0.3404 0.2184
vn -0.6932 0.5143 0.5049
vn -0.9158 0.2849 0.2831
vn -0.3233 -0.2797 -0.9040
vn -0.1369 -0.5043 -0.8526
vn -0.1365 -0.8392 -0.5265
vn -0.2542 -0.2867 -0.9237
vn -0.3910 -0.5651 -0.7265
vn 0.1893 -0.9750 0.1167
vn 0.4507 -0.8841 0.1235
vn 0.4878 -0.8500 0.1991
vn 0.2111 -0.9723 0.1006
vn 0.4268 -0.8363 0.3443
vn 0.2230 -0.9369 0.2692
vn 0.6330 0.3390 -0.6960
vn 0.9549 -0.0971 -0.2805
vn 0.9798 0.1424 -0.1405
vn 0.6288 0.2352 -0.7411
vn 0.7780 0.5894 -0.2174
vn 0.8132 -0.1904 -0.5499
vn -0.1782 0.6903 0.7012
vn -0.1876 0.3287 0.9256
vn 0.1025 0.7391 0.6658
vn 0.1638 0.6938 0.7013
vn -0.1125 0.7389 0.6643
vn 0.1689 0.3294 0.9290
vn -0.4575 -0.0472 0.8880
vn -0.9930 -0.0137 0.1171
vn -0.9968 0.0036 0.0803
vn -0.4777 -0.1602 0.8638
vn 0.5735 0.5392 -0.6168
vn 0.3703 0.2888 -0.8829
vn 0.5440 0.5635 -0.6217
vn 0.5563 0.2913 -0.7782
vn 0.3235 0.5349 -0.7805
vn 0.3661 0.2927 -0.8834
vn -0.5995 -0.6161 0.5109
vn -0.7071 -0.6589 0.2564
vn -0.6629 -0.3972 0.6347
vn -0.7112 -0.6560 0.2527
vn -0.1473 0.1287 -0.9807
vn -0.1320 0.1234 -0.9835
vn -0.1298 0.1253 -0.9836
vn -0.4666 0.5386 -0.7015
vn -0.9495 -0.2275 -0.2160
vn -0.9464 -0.2514 -0.2028
vn -0.9320 -0.2606 0.2520
vn -0.9239 -0.2454 0.2936
vn -0.9310 -0.2673 0.2484
vn 0.3394 0.5042 -0.7941
vn 0.3435 0.5039 -0.7925
vn 0.4007 0.2659 -0.8768
vn 0.1003 -0.4384 0.8932
vn -0.1466 -0.7709 0.6198
vn -0.0460 -0.3321 0.9421
vn -0.0976 -0.7492 0.6551
vn -0.0672 -0.3418 0.9374
vn -0.3310 -0.6845 0.6496
vn -0.8751 0.3407 -0.3438
vn -0.8271 0.3776 0.4163
vn -0.1641 0.1545 -0.9743
vn 0.1672 0.1589 -0.9730
vn -0.1859 0.1084 -0.9766
vn 0.1762 0.1046 -0.9788
vn 0.1741 0.1516 -0.9730
vn -0.1849 0.1323 -0.9738
vn 0.9197 0.3183 0.2297
vn -0.3613 0.4981 0.7883
vn 0.5833 0.3782 0.7189
vn -0.7717 0.5284 0.3539
vn 0.2712 -0.1653 -0.9482
vn 0.7022 -0.2149 -0.6788
vn 0.7094 -0.1626 -0.6858
vn -0.4427 0.1417 0.8854
vn -0.7554 0.1204 0.6442
vn -0.5224 0.0267 0.8523
vn -0.7573 0.1247 0.6411
vn -0.8438 0.1689 -0.5093
vn -0.9656 0.1871 -0.1807
vn -0.9699 0.1772 -0.1671
vn 0.3383 0.2266 0.9133
vn 0.4727 0.4815 0.7380
vn 0.5246 0.2320 0.8191
vn 0.4140 0.1559 0.8968
vn 0.3837 0.4639 0.7985
vn 0.4675 0.4847 0.7393
vn 0.9167 -0.0784 -0.3918
vn 0.4082 -0.8165 -0.4082
vn 0.7413 -0.6583 -0.1313
vn 0.8983 -0.0298 -0.4383
vn 0.5784 -0.1600 -0.7999
vn 0.4075 -0.8067 -0.4280
vn 0.0506 -0.0947 0.9942
vn -0.9406 0.3072 0.1448
vn -0.8582 0.0781 0.5073
vn -0.0213 -0.1325 0.9910
vn -0.8347 0.2973 0.4636
vn 0.4909 -0.8631 0.1183
vn -0.8491 0.2890 0.4422
vn 0.1180 -0.6052 0.7873
vn -0.1761 -0.6042 0.7771
vn -0.3268 -0.5733 0.7513
vn -0.1709 -0.0946 0.9807
vn -0.1708 -0.0947 0.9807
vn -0.3662 -0.0881 0.9264
vn -0.3812 -0.5082 0.7723
vn 0.3296 0.8767 -0.3503
vn 0.5121 0.8095 0.2873
vn 0.4617 0.8139 0.3526
vn 0.3448 0.8836 0.3169
vn 0.5176 0.8098 -0.2763
vn 0.4364 0.8163 -0.3784
vn 0.8207 0.3834 0.4236
vn 0.6997 0.2435 0.6717
vn 0.6592 0.4061 0.6329
vn -0.9206 0.2184 -0.3237
vn -0.9374 0.0600 -0.3430
vn -0.5590 0.2022 -0.8042
vn -0.9306 0.2069 -0.3018
vn -0.5123 0.0260 -0.8584
vn -0.5131 0.0252 -0.8580
vn -0.6935 -0.2179 -0.6867
vn -0.7120 -0.2045 -0.6717
vn -0.7065 -0.2377 -0.6665
vn -0.1962 -0.7640 0.6147
vn -0.0871 -0.9569 0.2770
vn 0.0795 -0.9580 0.2757
vn 0.1970 -0.7611 0.6180
vn 0.1470 -0.7320 0.6653
vn -0.1501 -0.7365 0.6596
vn 0.3448 -0.1251 -0.9303
vn 0.5760 -0.0757 -0.8139
vn 0.5455 0.2611 -0.7964
vn 0.3031 0.2188 -0.9275
vn 0.4308 0.3422 -0.8350
vn 0.5549 -0.1135 -0.8241
vn -0.4981 0.7470 0.4404
vn -0.5623 0.8222 0.0888
vn -0.8341 0.5445 0.0884
vn -0.4735 0.8582 0.1982
vn 0.7481 -0.0746 0.6593
vn 0.7434 -0.0680 0.6654
vn 0.9792 0.0509 0.1965
vn 0.7541 -0.0314 0.6560
vn 0.9854 0.0216 0.1690
vn 0.9802 -0.0223 0.1967
vn 0.9450 0.1134 -0.3069
vn 0.9447 0.1117 -0.3083
vn 0.9409 -0.1861 -0.2831
vn 0.9846 -0.1750 -0.0000
vn 0.9390 -0.1591 -0.3050
vn 0.9923 0.1240 -0.0000
vn 0.0848 -0.8054 -0.5866
vn 0.1916 -0.8602 -0.4727
vn -0.2187 -0.7788 -0.5880
vn 0.1446 -0.9773 -0.1550
vn -0.2641 -0.7959 -0.5448
vn -0.2591 -0.9526 -0.1592
vn 0.2540 -0.2200 -0.9418
vn -0.2479 0.0131 -0.9687
vn 0.4766 -0.6072 -0.6358
vn 0.5412 -0.8130 0.2150
vn 0.5631 -0.7812 0.2697
vn 0.5365 -0.8156 -0.2167
vn 0.5628 -0.7813 0.2697
vn 0.3822 0.4208 -0.8227
vn 0.7659 0.3352 -0.5487
vn 0.7700 0.3754 -0.5160
vn 0.3367 0.5766 -0.7444
vn 0.6678 0.5948 -0.4475
vn 0.4711 0.3318 -0.8173
vn 0.3156 -0.7637 0.5632
vn 0.6437 -0.6964 0.3173
vn 0.4743 -0.5169 0.7126
vn 0.3951 -0.5549 0.7321
vn 0.6481 -0.6903 0.3216
vn -0.5822 0.4311 -0.6894
vn -0.4674 -0.8044 0.3666
vn -0.9430 -0.3329 -0.0065
vn -0.5421 -0.4352 0.7189
vn -0.4026 -0.6857 0.6064
vn -0.9438 -0.3301 0.0164
vn -0.6303 -0.7611 -0.1529
vn 0.0345 -0.0294 0.9990
vn 0.3171 0.5241 0.7905
vn -0.0213 -0.0035 0.9998
vn 0.1290 0.1347 0.9825
vn 0.1767 0.4710 0.8642
vn 0.3388 0.5072 0.7924
vn 0.2139 -0.8615 -0.4604
vn -0.7975 -0.0925 -0.5962
vn 0.0402 -0.8970 -0.4401
vn 0.1329 -0.9760 -0.1723
vn -0.9945 -0.0994 -0.0329
vn 0.3812 -0.9225 -0.0607
vn -0.9170 -0.1824 0.3548
vn 0.4251 -0.9050 -0.0144
vn -0.9388 -0.0939 0.3316
vn -0.2507 0.0495 -0.9668
vn -0.1452 -0.4197 -0.8960
vn 0.0323 -0.3157 -0.9483
vn -0.1604 -0.4111 -0.8974
vn -0.3744 -0.0635 -0.9251
vn -0.2299 0.0413 -0.9723
vn -0.1162 0.9634 0.2415
vn 0.1713 0.8138 0.5553
vn -0.1760 0.8143 0.5532
vn 0.1194 0.9630 0.2415
vn 0.1505 0.8059 0.5726
vn -0.1440 0.8017 0.5801
vn -0.2722 -0.4887 0.8289
vn -0.3738 -0.4943 0.7848
vn -0.2205 0.1662 0.9611
vn -0.2337 -0.5258 0.8179
vn -0.4811 0.3340 0.8105
vn -0.3286 0.5740 0.7500
vn -0.3678 0.3142 0.8752
vn -0.4815 0.3194 0.8162
vn -0.2735 0.5767 0.7698
vn -0.3639 0.3178 0.8755
vn -0.7424 -0.0681 0.6665
vn -0.7469 -0.0417 0.6636
vn -0.9843 0.0053 0.1766
vn -0.7428 -0.0687 0.6660
vn 0.7904 -0.1708 -0.5883
vn 0.7951 -0.1871 -0.5769
vn 0.8056 0.0967 -0.5845
vn 0.3100 0.1274 0.9422
vn 0.5510 0.1566 0.8197
vn 0.5508 0.1302 0.8244
vn 0.5485 0.1594 0.8208
vn 0.2494 0.1459 0.9573
vn 0.2463 0.1974 0.9489
vn -0.9377 0.3138 0.1491
vn 0.7091 0.7006 -0.0791
vn 0.7018 0.7091 0.0682
vn -0.9340 0.3099 -0.1776
vn -0.1447 -0.7752 0.6150
vn -0.2889 -0.8842 0.3669
vn -0.1789 -0.3836 0.9060
vn -0.6517 -0.6939 0.3062
vn -0.2148 -0.3464 0.9131
vn -0.6550 -0.3910 0.6466
vn 0.9441 0.3136 -0.1020
vn -0.4966 -0.8581 -0.1303
vn 0.9494 0.3028 -0.0837
vn -0.5553 -0.7994 -0.2292
vn 0.9429 0.3176 0.1007
vn -0.5405 -0.7961 0.2721
vn 0.1743 -0.9635 -0.2033
vn -0.3225 -0.8738 -0.3639
vn -0.3257 -0.9203 0.2167
vn 0.1858 -0.9483 0.2574
vn -0.2257 -0.9126 0.3408
vn 0.1106 -0.9518 -0.2861
vn -0.1328 0.1168 -0.9842
vn -0.4609 0.1127 -0.8803
vn -0.9686 0.1495 -0.1985
vn -0.8779 0.1286 -0.4613
vn -0.8787 0.1206 -0.4619
vn -0.9773 0.1289 -0.1683
vn 0.7295 0.2760 0.6258
vn 0.3543 0.2524 0.9004
vn 0.3161 0.3289 0.8899
vn 0.7465 0.1567 0.6466
vn 0.0547 0.5267 -0.8483
vn 0.7133 0.5868 -0.3831
vn 0.5888 0.7439 -0.3162
vn 0.1463 0.5435 -0.8266
vn -0.6823 0.7297 -0.0451
vn -0.5704 0.5336 0.6245
vn -0.6338 0.7577 0.1557
vn -0.8771 0.0252 -0.4796
vn -0.8551 0.0273 -0.5178
vn -0.7589 -0.5746 -0.3064
vn -0.9273 -0.3302 -0.1761
vn -0.6233 -0.3811 -0.6828
vn 0.0952 -0.9951 -0.0283
vn 0.1665 -0.9860 -0.0001
vn -0.1648 -0.9863 0.0001
vn -0.0956 -0.9950 -0.0279
vn 0.1186 -0.9138 -0.3884
vn 0.1077 -0.2388 -0.9651
vn 0.2662 -0.8319 -0.4869
vn -0.1110 -0.8950 -0.4320
vn 0.4168 -0.2551 -0.8725
vn 0.1110 -0.2346 -0.9657
vn 0.8342 -0.5436 0.0925
vn -0.9746 0.1428 0.1723
vn -0.2099 -0.8503 0.4826
vn -0.0442 -0.7182 0.6944
vn 0.4690 -0.8668 -0.1697
vn 0.8414 -0.4817 -0.2449
vn 0.8890 -0.4580 -0.0000
vn 0.5141 -0.8570 0.0339
vn 0.8614 -0.5064 0.0400
vn 0.8895 0.4492 -0.0841
vn 0.8892 0.4500 0.0825
vn 0.8584 0.4964 0.1293
vn 0.8580 0.4962 -0.1330
vn -0.7133 0.3360 -0.6150
vn 0.6331 0.2913 -0.7171
vn -0.6606 0.1440 -0.7368
vn 0.4793 0.2248 -0.8484
vn 0.4254 0.5593 -0.7115
vn -0.1747 -0.7622 0.6234
vn -0.8336 -0.5509 0.0402
vn 0.8752 0.1275 -0.4668
vn -0.2166 -0.1667 -0.9619
vn 0.9743 0.1505 -0.1674
vn -0.4859 -0.6157 -0.6203
vn 0.1710 -0.3995 0.9007
vn 0.2125 -0.8139 0.5408
vn -0.1905 0.9594 -0.2078
vn -0.1212 0.9549 -0.2710
vn 0.1219 0.9548 -0.2711
vn -0.1976 0.9649 0.1730
vn 0.1986 0.9644 0.1747
vn 0.1915 0.9592 -0.2079
vn -0.3444 0.2299 -0.9103
vn -0.2437 0.2518 -0.9366
vn -0.3863 -0.1103 -0.9158
vn -0.3824 0.2236 0.8965
vn 0.5879 0.1829 0.7880
vn -0.3852 0.2087 0.8989
vn 0.5194 0.2141 0.8273
vn 0.5118 0.1620 0.8437
vn 0.4688 0.0723 0.8803
vn 0.6063 0.4577 0.6503
vn 0.3348 -0.0544 0.9407
vn 0.7760 0.2876 0.5613
vn 0.3661 -0.1200 0.9228
vn 0.1473 -0.0835 0.9856
vn -0.4964 -0.8431 0.2066
vn -0.7008 -0.4088 0.5846
vn -0.8388 -0.4500 0.3063
vn -0.8401 -0.4454 0.3096
vn -0.4353 -0.8288 0.3516
vn -0.4717 -0.7672 0.4347
vn -0.1529 -0.0158 -0.9881
vn 0.0723 -0.1680 -0.9831
vn -0.7066 0.1846 -0.6831
vn 0.1426 -0.0517 -0.9884
vn 0.0776 -0.2222 -0.9719
vn -0.4942 -0.2887 -0.8200
vn -0.2652 -0.1653 -0.9499
vn 0.2166 0.8533 0.4743
vn 0.2490 0.8454 0.4725
vn 0.1423 0.5904 0.7945
vn 0.3094 0.5569 0.7708
vn 0.3527 0.7335 0.5810
vn 0.1147 0.7784 0.6172
vn -0.4803 -0.8434 -0.2408
vn -0.3537 -0.6884 -0.6332
vn -0.5514 -0.7991 -0.2396
vn -0.3524 -0.7073 -0.6129
vn -0.0454 -0.1039 0.9936
vn -0.3084 -0.1251 0.9430
vn 0.4856 -0.8741 -0.0122
vn 0.2659 -0.9368 -0.2275
vn -0.3450 -0.9369 -0.0560
vn -0.2648 -0.9413 -0.2093
vn 0.2155 -0.9724 -0.0896
vn -0.1892 -0.9819 -0.0121
vn 0.7921 0.4245 -0.4387
vn 0.8967 0.3391 -0.2845
vn 0.7592 0.1702 -0.6283
vn -0.1810 -0.7660 0.6168
vn -0.2007 -0.4132 0.8883
vn -0.1793 -0.3807 0.9072
vn -0.8429 0.1642 -0.5125
vn 0.1132 -0.7662 -0.6325
vn -0.8412 0.1686 -0.5138
vn 0.1226 -0.1766 0.9766
vn 0.1302 -0.2486 0.9598
vn 0.4083 -0.6310 0.6596
vn 0.4340 -0.6152 0.6582
vn 0.3986 -0.4762 0.7838
vn 0.1077 -0.1877 0.9763
vn 0.3911 0.8484 -0.3566
vn 0.2173 0.8591 -0.4634
vn 0.4067 0.8969 -0.1738
vn 0.1719 0.8717 -0.4588
vn 0.5562 -0.8239 -0.1088
vn 0.6031 -0.7651 -0.2258
vn 0.1944 -0.7562 -0.6248
vn -0.1218 -0.1966 -0.9729
vn -0.1381 0.0474 -0.9893
vn -0.1304 -0.2058 -0.9699
vn -0.3366 -0.1901 -0.9223
vn -0.3467 0.0803 -0.9345
vn -0.3691 0.0567 -0.9277
vn 0.7140 -0.1176 -0.6901
vn 0.7082 -0.1106 -0.6973
vn 0.2251 -0.1637 -0.9605
vn 0.2229 -0.2148 -0.9509
vn 0.3033 -0.7281 0.6147
vn 0.6936 -0.4269 0.5802
vn 0.4822 -0.2967 0.8243
vn 0.3501 0.1963 -0.9159
vn -0.9602 0.0748 0.2692
vn -0.9694 0.0530 0.2398
vn -0.5361 0.1229 0.8352
vn -0.5172 -0.0098 0.8558
vn -0.4981 0.0363 0.8664
vn -0.9268 -0.1476 0.3453
vn -0.7044 -0.2488 0.6647
vn -0.2510 -0.2753 0.9280
vn -0.2541 -0.2295 0.9395
vn -0.7014 -0.2441 0.6696
vn -0.7021 -0.2587 0.6634
vn -0.1883 -0.2350 0.9536
vn 0.0842 -0.9860 -0.1440
vn 0.0783 -0.9918 0.1010
vn 0.1821 -0.9684 -0.1704
vn 0.2203 -0.9652 -0.1410
vn 0.9709 0.1662 0.1727
vn 0.8369 0.1622 0.5228
vn -0.4804 0.7084 -0.5170
vn -0.7952 0.5475 -0.2607
vn -0.5212 0.8159 -0.2504
vn -0.5555 0.5779 -0.5978
vn -0.5365 0.8105 -0.2352
vn -0.7087 0.5053 -0.4924
vn 0.1141 0.9935 0.0049
vn 0.0973 0.3863 -0.9172
vn -0.2783 0.9578 0.0726
vn -0.4542 0.2759 -0.8471
vn 0.7632 0.4220 0.4893
vn 0.9997 0.0226 0.0055
vn 0.9355 0.3451 0.0762
vn 0.9818 0.0191 0.1890
vn 0.5416 0.4481 0.7112
vn 0.2369 0.9097 -0.3410
vn 0.3752 0.8842 -0.2782
vn 0.5050 0.7777 -0.3744
vn 0.2682 0.9191 -0.2886
vn -0.5297 -0.8481 0.0152
vn -0.8653 -0.5012 0.0090
vn -0.4573 -0.8807 0.1237
vn -0.7156 0.4265 -0.5532
vn 0.9220 -0.1915 0.3366
vn 0.9117 -0.1350 0.3880
vn 0.5506 -0.8067 0.2147
vn 0.9068 -0.1084 0.4074
vn 0.5494 -0.8242 0.1374
vn 0.7432 -0.6487 -0.1638
vn 0.8507 -0.1707 0.4972
vn 0.2303 0.3108 0.9222
vn 0.2002 0.3424 0.9180
vn 0.2404 0.1578 0.9578
vn 0.9715 -0.1394 -0.1917
vn 0.9718 -0.0798 -0.2219
vn 0.9842 -0.0214 -0.1755
vn 0.9674 -0.1529 0.2018
vn 0.9797 -0.0200 0.1994
vn 0.9622 -0.1363 0.2359
vn 0.9671 -0.0744 0.2434
vn 0.4004 0.4947 -0.7713
vn 0.5425 0.4283 -0.7227
vn 0.5213 0.4141 -0.7462
vn 0.3559 0.7471 -0.5613
vn 0.6430 0.7327 -0.2229
vn 0.5166 0.8178 -0.2536
vn 0.4228 0.2409 0.8736
vn 0.1996 0.1658 0.9657
vn 0.4338 0.1477 0.8888
vn 0.1976 0.1836 0.9629
vn 0.3241 0.1516 0.9338
vn 0.4458 0.1377 0.8845
vn -0.9534 0.0334 -0.2999
vn -0.7384 0.5929 -0.3212
vn -0.9452 0.1905 -0.2650
vn -0.7578 0.6244 0.1891
vn -0.9269 0.2532 0.2770
vn -0.8468 0.3104 -0.4319
vn -0.7882 0.5396 0.2959
vn 0.1319 0.0962 -0.9866
vn 0.1246 0.4195 -0.8992
vn 0.1367 0.0917 -0.9864
vn 0.4891 0.0984 -0.8667
vn 0.9428 -0.2369 0.2345
vn 0.7034 -0.2346 0.6710
vn 0.9666 -0.1338 0.2187
vn 0.7692 -0.1364 0.6242
vn 0.7076 -0.1841 0.6822
vn -0.3188 0.7854 -0.5305
vn -0.3408 0.7682 -0.5419
vn -0.2622 0.3063 -0.9151
vn -0.3686 0.4769 -0.7979
vn -0.3192 0.7671 -0.5565
vn -0.4725 0.3932 -0.7888
vn -0.2051 -0.9300 0.3051
vn -0.2719 -0.9588 -0.0821
vn -0.3315 -0.9263 -0.1789
vn -0.1920 -0.9472 0.2569
vn -0.6304 -0.7611 -0.1526
vn 0.5331 0.4702 0.7033
vn 0.6513 0.7320 0.2000
vn 0.5608 -0.5290 -0.6370
vn 0.2747 -0.6018 -0.7499
vn 0.4102 -0.4813 -0.7747
vn 0.3161 -0.3722 -0.8727
vn -0.3399 0.0786 0.9372
vn -0.3304 0.2474 0.9108
vn -0.7485 -0.1366 -0.6489
vn -0.9753 -0.1011 -0.1962
vn -0.7495 -0.1623 -0.6418
vn -0.9709 -0.1388 -0.1953
vn 0.2659 -0.3737 0.8886
vn 0.4260 0.2750 0.8619
vn 0.3330 0.2821 0.8997
vn 0.3935 -0.3108 0.8652
vn 0.3670 -0.4838 0.7945
vn 0.4152 0.3517 0.8390
vn 0.2538 0.0768 -0.9642
vn -0.1247 -0.1754 -0.9766
vn 0.2553 0.0875 -0.9629
vn -0.1335 -0.2494 -0.9591
vn 0.1590 0.1814 -0.9705
vn -0.0371 -0.3218 -0.9461
vn -0.1251 0.9160 0.3811
vn -0.1061 0.9105 0.3996
vn -0.4382 0.7646 0.4727
vn -0.3948 0.8397 0.3729
vn -0.2962 0.6714 0.6794
vn -0.4241 0.2399 0.8733
vn -0.3186 0.1417 0.9372
vn -0.3466 -0.1224 0.9300
vn 0.9754 0.0303 -0.2185
vn 0.9403 0.3177 0.1220
vn 0.9092 0.3632 -0.2037
vn 0.9169 0.3215 -0.2364
vn 0.9639 0.1860 0.1903
vn 0.9885 0.0280 0.1488
vn -0.9001 -0.3744 -0.2226
vn -0.5455 -0.6750 -0.4968
vn -0.6306 -0.7342 -0.2516
vn -0.7166 -0.6746 -0.1772
vn -0.3067 0.1642 -0.9375
vn -0.5655 0.4195 -0.7101
vn -0.1795 -0.9575 -0.2257
vn -0.1766 -0.9418 0.2861
vn -0.6114 -0.7658 -0.1993
vn -0.6145 -0.7549 0.2293
vn -0.2751 -0.9139 -0.2984
vn 0.1097 -0.2073 -0.9721
vn -0.1058 -0.6321 -0.7676
vn -0.4125 -0.4933 0.7658
vn -0.4471 -0.6193 0.6454
vn -0.4163 -0.6402 0.6457
vn -0.1223 -0.2138 0.9692
vn -0.4159 -0.6401 0.6460
vn -0.1113 -0.2220 0.9687
vn -0.7571 0.6479 0.0835
vn -0.7449 0.6490 -0.1549
vn -0.5011 0.8610 0.0875
vn -0.4938 0.8635 -0.1027
vn 0.1915 -0.5031 -0.8428
vn 0.1280 -0.8161 -0.5635
vn 0.6937 0.5064 0.5122
vn 0.7195 0.3063 0.6233
vn 0.9098 0.3465 0.2285
vn 0.7709 0.2411 0.5896
vn 0.9098 0.2741 0.3115
vn 0.8459 0.4892 0.2125
vn 0.6904 0.4945 0.5280
vn 0.2169 -0.3234 -0.9211
vn -0.5478 0.1493 0.8232
vn -0.5100 0.2901 0.8098
vn -0.7911 0.2660 0.5508
vn -0.5211 0.1782 0.8347
vn -0.8353 0.1655 0.5243
vn 0.4396 -0.6227 -0.6473
vn 0.4154 -0.6393 -0.6471
vn 0.5421 -0.8140 -0.2086
vn 0.1578 0.3382 0.9278
vn 0.3249 0.3215 0.8894
vn 0.4103 0.9119 0.0100
vn 0.4935 0.4752 -0.7284
vn 0.4934 0.4679 -0.7333
vn 0.6355 -0.3402 -0.6931
vn 0.7428 0.5571 -0.3714
vn 0.8236 0.4530 -0.3412
vn -0.5752 0.4169 0.7038
vn -0.1723 0.4011 0.8997
vn -0.3888 0.3829 0.8380
vn -0.5759 0.4180 0.7026
vn 0.5499 -0.6427 0.5334
vn 0.7001 -0.6862 0.1974
vn 0.2364 -0.7622 0.6026
vn 0.0369 -0.0754 0.9965
vn 0.5477 -0.0526 0.8350
vn 0.5280 -0.0439 0.8481
vn 0.5487 -0.0808 0.8321
vn 0.0370 -0.0282 0.9989
vn 0.5666 -0.0716 0.8209
vn -0.7910 -0.2123 -0.5738
vn -0.8165 0.1106 -0.5666
vn -0.8020 0.1355 -0.5818
vn -0.5802 -0.2126 -0.7863
vn -0.5711 0.1108 -0.8134
vn -0.5647 -0.1847 -0.8043
vn 0.3264 -0.7276 0.6034
vn 0.1211 -0.8052 0.5805
vn 0.3321 -0.6727 0.6611
vn -0.1536 -0.3985 0.9042
vn 0.0516 -0.3628 0.9304
vn -0.1508 -0.4746 0.8672
vn -0.9043 0.2235 -0.3638
vn -0.8755 0.3111 0.3696
vn -0.8727 0.3067 0.3799
vn -0.9138 0.2533 -0.3175
vn 0.5718 -0.4804 -0.6650
vn 0.5481 -0.8100 -0.2083
vn 0.4965 -0.8294 -0.2560
vn 0.7340 -0.2965 -0.6110
vn 0.4821 -0.8100 -0.3339
vn 0.8261 -0.5052 -0.2496
vn -0.4815 0.2826 -0.8296
vn -0.5706 0.1765 -0.8021
vn -0.5725 0.1544 -0.8053
vn -0.1600 0.2683 -0.9500
vn 0.8159 0.5416 0.2023
vn 0.9861 0.1279 0.1063
vn 0.5667 -0.0768 0.8203
vn 0.5350 -0.1045 0.8384
vn 0.5310 0.5852 0.6128
vn 0.5081 0.4472 0.7361
vn 0.6290 0.7353 0.2524
vn 0.5611 0.1270 -0.8180
vn 0.1797 0.1011 -0.9785
vn 0.5829 0.1038 -0.8059
vn -0.9240 0.2910 -0.2481
vn -0.9492 0.2854 0.1328
vn -0.7617 0.6191 -0.1912
vn -0.8190 0.5446 0.1805
vn -0.8475 -0.0886 -0.5233
vn -0.8482 -0.0910 -0.5219
vn -0.9923 -0.0000 0.1240
vn -0.8788 0.1501 -0.4530
vn 0.0751 0.4185 0.9051
vn 0.1843 0.4664 0.8652
vn 0.7710 -0.5632 -0.2972
vn 0.6692 -0.6859 -0.2858
vn 0.3843 -0.6038 -0.6984
vn -0.2823 0.3205 0.9042
vn -0.4337 0.9009 -0.0167
vn -0.4453 0.8951 -0.0220
vn -0.1218 0.9924 -0.0163
vn -0.1863 0.3297 0.9255
vn -0.3248 0.2523 0.9115
vn -0.8797 0.1209 0.4599
vn -0.9654 0.1705 0.1971
vn -0.8812 0.1050 0.4610
vn -0.8324 0.1665 0.5286
vn -0.9670 0.1886 0.1715
vn -0.9746 0.1421 0.1733
vn 0.7805 0.5919 -0.2012
vn 0.6709 0.5679 -0.4769
vn 0.7652 0.6218 -0.1669
vn 0.4646 0.8772 -0.1210
vn 0.0262 -0.7194 0.6941
vn 0.2157 -0.8685 0.4463
vn 0.3485 -0.5476 0.7607
vn 0.1838 -0.5799 0.7936
vn -0.9881 -0.1537 -0.0000
vn -0.5404 0.4664 -0.7003
vn -0.3623 -0.0695 -0.9295
vn 0.1563 0.9265 0.3424
vn 0.1002 0.9118 0.3982
vn 0.2694 -0.1820 -0.9457
vn 0.6819 -0.1854 -0.7076
vn 0.6804 -0.1965 -0.7060
vn 0.2431 -0.1583 -0.9570
vn -0.5110 -0.0533 0.8579
vn -0.2856 0.0653 0.9561
vn -0.4463 0.0653 0.8925
vn -0.4843 -0.2816 0.8283
vn -0.3945 -0.2958 0.8700
vn 0.9690 -0.1454 -0.2000
vn 0.9168 -0.3196 0.2396
vn 0.9293 -0.3080 -0.2040
vn 0.2731 0.0842 -0.9583
vn 0.1981 0.1476 -0.9690
vn 0.5270 -0.1081 0.8429
vn 0.5052 0.1818 0.8436
vn 0.3543 -0.1248 0.9268
vn -0.9129 -0.1826 -0.3651
vn -0.4829 -0.1523 -0.8623
vn -0.4612 -0.1055 -0.8810
vn 0.2109 -0.1728 0.9621
vn 0.2501 -0.1462 0.9571
vn -0.2362 -0.2137 0.9479
vn 0.2155 -0.1189 0.9692
vn -0.2589 -0.2029 0.9444
vn -0.2409 -0.1861 0.9525
vn 0.1818 0.4722 -0.8626
vn 0.1947 0.4640 -0.8642
vn 0.4081 0.8831 -0.2314
vn 0.2945 0.5186 -0.8027
vn 0.7885 -0.1215 0.6029
vn 0.9445 0.1144 0.3079
vn 0.9936 -0.0224 0.1111
vn 0.8405 -0.4357 0.3220
vn 0.7516 -0.2046 0.6270
vn 0.9502 -0.2738 0.1488
vn 0.1586 0.3853 -0.9091
vn -0.1544 0.5918 -0.7911
vn 0.1626 0.5930 -0.7886
vn 0.1487 0.6041 -0.7829
vn -0.5497 0.0022 0.8354
vn -0.9944 0.0500 0.0927
vn -0.9944 0.0498 0.0931
vn -0.5532 -0.0633 0.8307
vn -0.5786 -0.0717 0.8125
vn -0.4853 -0.8739 -0.0280
vn 0.7116 -0.1483 0.6867
vn -0.0477 -0.5146 0.8561
vn -0.0555 -0.9611 0.2706
vn 0.0408 -0.4502 0.8920
vn -0.1070 -0.4357 0.8937
vn -0.1420 0.1609 0.9767
vn 0.0413 -0.0425 0.9982
vn -0.6853 -0.2496 -0.6841
vn -0.2514 -0.3771 -0.8914
vn -0.2355 -0.2263 -0.9452
vn -0.6341 -0.4048 -0.6588
vn -0.6817 -0.2454 -0.6892
vn -0.2361 -0.3541 -0.9049
vn 0.1798 0.5908 0.7866
vn 0.3082 -0.1740 -0.9353
vn 0.1486 0.2050 0.9674
vn 0.8568 0.3147 0.4085
vn 0.2263 0.3139 0.9221
vn -0.3284 0.1769 0.9278
vn -0.3327 0.1245 0.9348
vn -0.3922 0.0968 0.9148
vn 0.9406 0.2345 0.2455
vn 0.9390 0.2119 -0.2710
vn 0.9324 0.2200 -0.2869
vn 0.9530 0.2178 0.2106
vn 0.9238 0.2563 -0.2843
vn 0.9169 -0.2854 0.2791
vn 0.9281 -0.2765 0.2492
vn 0.9425 -0.2333 0.2392
vn 0.9202 -0.2544 0.2975
vn 0.9437 -0.2255 -0.2420
vn -0.5587 0.7056 -0.4359
vn -0.4006 0.1830 -0.8978
vn -0.5064 0.7574 -0.4121
vn -0.2983 0.1751 -0.9383
vn 0.4621 -0.8409 0.2815
vn 0.4393 -0.8726 0.2135
vn 0.1464 0.7936 -0.5906
vn 0.4803 0.7088 -0.5166
vn 0.1744 0.8094 -0.5607
vn 0.2099 0.5944 -0.7763
vn 0.6722 -0.2608 0.6930
vn 0.6784 -0.2715 0.6827
vn -0.1736 0.4678 -0.8666
vn -0.4076 0.8824 -0.2349
vn -0.2021 0.4793 -0.8541
vn -0.5918 0.3824 -0.7097
vn 0.9258 -0.2445 -0.2883
vn 0.2438 0.2717 -0.9310
vn 0.2648 0.1291 -0.9556
vn -0.2576 0.2858 -0.9230
vn -0.2812 0.1285 -0.9510
vn -0.2416 0.2680 -0.9326
vn 0.2382 0.2655 -0.9342
vn 0.4254 0.5008 0.7538
vn 0.4426 0.2077 0.8723
vn 0.6002 0.2676 0.7538
vn -0.6938 0.6744 0.2527
vn -0.6735 0.7119 0.1989
vn -0.1027 0.8687 -0.4845
vn -0.1193 0.8729 -0.4730
vn 0.1504 0.8677 -0.4738
vn 0.5234 -0.1035 0.8458
vn 0.3743 -0.0899 0.9230
vn 0.3525 -0.5233 0.7759
vn 0.3728 -0.5193 0.7690
vn 0.5292 -0.2426 0.8131
vn -0.9770 0.0585 -0.2051
vn -0.9885 0.0520 0.1418
vn -0.9780 0.0863 -0.1900
vn -0.3796 0.2461 -0.8918
vn -0.3204 0.0850 -0.9435
vn -0.3720 0.0565 -0.9265
vn 0.9726 -0.0528 0.2263
vn 0.9962 -0.0464 0.0737
vn 0.8789 0.1945 -0.4356
vn 0.9897 -0.0244 0.1412
vn 0.9867 0.0409 0.1574
vn -0.9791 0.0427 0.1990
vn 0.7212 -0.0424 -0.6915
vn 0.7260 -0.0483 -0.6860
vn 0.2065 -0.1502 -0.9668
vn 0.2103 -0.1026 -0.9722
vn 0.3876 -0.2967 0.8728
vn 0.2761 -0.6873 0.6718
vn 0.3295 -0.7144 0.6174
vn 0.4791 -0.2825 0.8310
vn 0.5374 0.4522 -0.7118
vn 0.4175 -0.0799 -0.9052
vn -0.3582 0.2977 0.8849
vn -0.3517 0.3031 0.8857
vn 0.3810 0.3188 0.8679
vn -0.5717 0.1061 0.8136
vn -0.3259 0.1320 0.9361
vn -0.5490 0.1285 0.8259
vn -0.2261 -0.7847 0.5772
vn -0.1899 -0.9645 0.1836
vn -0.2621 -0.9605 0.0931
vn -0.6304 0.7334 -0.2545
vn -0.4613 0.5381 -0.7055
vn -0.6205 0.7375 -0.2666
vn -0.6584 -0.3874 0.6453
vn -0.5788 -0.8118 0.0770
vn -0.9111 -0.3532 0.2126
vn -0.1297 -0.6013 -0.7884
vn -0.0711 -0.1324 -0.9886
vn 0.8779 0.2480 -0.4097
vn 0.8220 -0.0139 -0.5694
vn 0.1693 -0.2537 -0.9524
vn 0.8008 0.2724 -0.5334
vn 0.8113 0.2673 -0.5199
vn -0.4728 -0.8498 0.2331
vn -0.2609 -0.9414 -0.2138
vn -0.4713 -0.8553 -0.2153
vn -0.4713 -0.8500 0.2355
vn -0.3887 0.2488 -0.8871
vn -0.3552 0.2778 -0.8926
vn 0.0088 -0.2435 0.9699
vn 0.1302 0.4691 0.8735
vn 0.2219 -0.0790 0.9719
vn 0.9965 -0.0816 -0.0173
vn 0.3523 0.9356 0.0227
vn 0.3402 0.9397 0.0344
vn 0.0649 0.9964 -0.0538
vn 0.1955 0.6622 0.7233
vn -0.3489 0.7268 0.5916
vn -0.2259 0.3395 0.9131
vn -0.3068 0.7465 0.5905
vn -0.3680 0.6512 0.6637
vn -0.5485 -0.1044 -0.8296
vn -0.4265 0.3147 -0.8480
vn -0.5663 -0.0746 -0.8208
vn -0.5404 0.2354 -0.8078
vn 0.4848 0.7468 0.4552
vn 0.4574 0.8667 0.1989
vn 0.3103 -0.7513 0.5825
vn 0.7859 -0.1514 0.5996
vn -0.1995 0.6537 0.7300
vn 0.9827 0.0284 -0.1832
vn 0.7333 0.0144 -0.6797
vn 0.9775 0.0086 -0.2108
vn 0.9758 0.0587 -0.2104
vn 0.5808 -0.2124 -0.7858
vn 0.4599 -0.6342 -0.6215
vn 0.5665 -0.1867 -0.8026
vn -0.0088 0.3681 0.9297
vn 0.1251 0.2511 0.9598
vn -0.0093 0.1452 0.9894
vn 0.4403 0.2572 0.8602
vn -0.9173 0.2647 -0.2975
vn -0.7823 -0.2352 -0.5767
vn -0.3309 -0.3795 -0.8640
vn 0.0907 0.9759 0.1985
vn 0.3584 0.9333 0.0222
vn -0.0977 -0.1975 -0.9754
vn -0.3963 -0.4945 -0.7736
vn -0.3871 0.4452 0.8075
vn 0.2053 -0.9787 0.0096
vn 0.2605 -0.9652 0.0235
vn -0.1760 -0.9843 0.0157
vn -0.2140 -0.9764 0.0279
vn 0.9070 -0.1575 -0.3906
vn 0.9432 0.0468 -0.3289
vn 0.5516 0.0029 -0.8341
vn 0.9606 0.0179 -0.2773
vn 0.4743 -0.1527 -0.8670
vn 0.4648 -0.1290 -0.8760
vn 0.2826 -0.2520 0.9255
vn -0.2363 -0.2016 0.9505
vn 0.2836 -0.2727 0.9194
vn -0.5704 0.7800 -0.2574
vn -0.4307 0.8220 0.3726
vn -0.5818 0.7994 0.1500
vn -0.3229 0.8877 0.3281
vn -0.3090 0.8706 -0.3828
vn 0.8103 0.5612 0.1685
vn 0.7770 0.6182 0.1190
vn 0.5578 -0.8264 0.0768
vn 0.0731 -0.9798 0.1861
vn 0.1164 0.5179 -0.8475
vn -0.0974 0.7790 -0.6194
vn 0.0970 0.7790 -0.6195
vn -0.1169 0.5176 -0.8476
vn -0.0085 -0.3192 0.9476
vn -0.5609 -0.4524 0.6933
vn -0.0139 -0.4087 0.9126
vn 0.0074 -0.3512 0.9363
vn 0.2280 0.1119 0.9672
vn 0.4306 0.5685 -0.7010
vn 0.3134 0.3862 -0.8675
vn -0.8564 0.5163 -0.0000
vn 0.1056 -0.7829 -0.6131
vn 0.1450 -0.7971 -0.5862
vn 0.2356 -0.9344 -0.2672
vn -0.2822 -0.8465 -0.4515
vn 0.2931 0.0465 0.9549
vn 0.3459 0.0896 0.9340
vn 0.2598 0.1578 0.9527
vn 0.2627 0.0567 0.9632
vn -0.0501 -0.9986 -0.0150
vn 0.1679 -0.9845 0.0504
vn -0.0493 -0.9987 -0.0107
vn 0.0056 -0.0511 0.9987
vn -0.0850 0.4273 0.9001
vn -0.9687 -0.1425 0.2034
vn -0.9676 -0.0808 0.2391
vn 0.6388 0.7318 -0.2373
vn 0.8003 0.2994 -0.5195
vn 0.7608 0.4307 -0.4856
vn 0.7812 0.3230 -0.5342
vn 0.9223 0.3583 -0.1447
vn -0.3339 0.5546 -0.7622
vn -0.5351 0.5557 -0.6362
vn -0.6078 0.2793 -0.7433
vn -0.3950 -0.7619 -0.5133
vn -0.2255 -0.7783 -0.5860
vn -0.5479 -0.8176 -0.1771
vn -0.4696 -0.8821 -0.0364
vn 0.3617 0.4879 -0.7945
vn 0.1450 0.2594 -0.9548
vn 0.1659 0.2416 -0.9561
vn 0.1333 0.5047 -0.8529
vn -0.3461 -0.6883 0.6375
vn -0.1459 0.7891 -0.5967
vn -0.6407 0.1718 -0.7484
vn -0.3765 0.1669 -0.9113
vn -0.6013 0.3899 -0.6974
vn 0.4727 0.8693 0.1447
vn 0.5224 0.8482 0.0868
vn -0.7467 -0.0431 -0.6637
vn -0.2382 -0.1528 -0.9591
vn -0.2411 -0.0966 -0.9657
vn -0.2364 -0.1515 -0.9598
vn -0.7311 -0.1029 -0.6744
vn -0.7373 -0.0320 -0.6748
vn -0.7570 -0.1007 0.6456
vn -0.9417 -0.2588 -0.2150
vn 0.8314 0.0235 -0.5552
vn -0.4624 0.4734 0.7498
vn -0.3825 0.7251 0.5727
vn -0.1367 0.2450 0.9598
vn -0.2093 0.1689 0.9632
vn -0.7656 0.5951 -0.2445
vn -0.3904 0.4880 -0.7807
vn 0.5846 0.3410 -0.7362
vn -0.9826 0.0176 -0.1849
vn -0.7512 -0.0060 -0.6601
vn 0.3586 0.0809 -0.9300
vn 0.3777 0.0603 -0.9240
vn 0.6401 0.1690 -0.7495
vn 0.5920 0.0895 -0.8009
vn 0.8528 -0.4607 0.2458
vn 0.8661 -0.4536 -0.2100
vn -0.8062 0.2657 -0.5287
vn -0.8180 -0.0032 -0.5752
vn -0.8967 0.1217 -0.4256
vn -0.3704 0.1885 -0.9095
vn -0.8998 0.1184 -0.4200
vn -0.8967 0.1222 -0.4255
vn 0.5091 0.8364 0.2029
vn 0.6198 0.7634 0.1816
vn 0.3584 0.7310 0.5806
vn 0.3811 0.6626 0.6448
vn 0.4368 0.7348 0.5188
vn -0.2876 0.9544 0.0800
vn -0.3603 0.9328 0.0036
vn -0.5656 0.1188 -0.8161
vn -0.5648 0.1196 -0.8165
vn -0.1788 0.1153 -0.9771
vn 0.8482 0.2700 0.4557
vn 0.8892 0.2523 -0.3818
vn 0.8611 0.3827 0.3349
vn 0.2691 0.9173 0.2935
vn 0.2714 0.9111 0.3102
vn -0.3269 -0.7270 0.6038
vn -0.2675 -0.6961 0.6662
vn -0.9395 -0.2967 -0.1713
vn 0.4482 0.5633 -0.6941
vn 0.5372 0.4809 -0.6929
vn 0.1557 0.1533 -0.9758
vn 0.8285 0.0192 0.5597
vn 0.7834 -0.1451 0.6044
vn 0.7720 0.1317 0.6219
vn 0.7665 -0.1836 0.6154
vn -0.9163 -0.1963 -0.3491
vn -0.3316 -0.3007 0.8942
vn 0.2996 -0.1632 0.9400
vn -0.2620 -0.1909 0.9460
vn -0.2949 -0.1699 0.9403
vn -0.5057 -0.4728 0.7216
vn 0.4515 -0.8734 -0.1824
vn 0.7740 0.5762 0.2625
vn -0.4765 0.8711 -0.1191
vn -0.4573 0.8095 -0.3683
vn -0.2605 0.8268 -0.4985
vn -0.9025 0.0136 -0.4305
vn -0.9001 0.0162 -0.4354
vn -0.9040 0.1449 -0.4022
vn 0.9965 -0.0814 -0.0199
vn 0.0142 -0.8221 -0.5691
vn -0.3009 -0.7087 -0.6381
vn -0.3479 -0.7363 -0.5803
vn -0.0696 -0.9943 -0.0809
vn -0.4681 0.5568 0.6862
vn -0.6250 0.7402 0.2479
vn -0.8608 -0.4205 0.2866
vn -0.1810 0.8099 -0.5580
vn 0.2407 -0.2963 -0.9243
vn 0.2403 -0.2509 -0.9377
vn -0.0626 -0.5931 -0.8027
vn -0.0567 -0.9157 -0.3978
vn -0.2839 -0.5626 -0.7765
vn -0.0323 -0.9095 -0.4145
vn -0.0209 -0.1002 0.9947
vn 0.0175 -0.0181 0.9997
vn 0.5172 0.2396 0.8217
vn 0.4627 0.1351 0.8762
vn 0.5259 0.0393 0.8496
vn 0.7551 0.1164 0.6452
vn 0.3229 0.1686 -0.9313
vn 0.3705 0.2766 -0.8867
vn 0.3772 0.1666 -0.9110
vn 0.9192 0.3052 0.2488
vn 0.7536 0.5668 0.3328
vn 0.8897 0.2459 0.3846
vn 0.2466 -0.3267 -0.9124
vn 0.2304 -0.7834 -0.5772
vn 0.2101 -0.7742 -0.5970
vn 0.8324 0.1767 0.5252
vn 0.8814 0.1264 0.4552
vn 0.9768 0.1462 0.1564
vn 0.8025 0.4372 -0.4060
vn 0.9958 -0.0671 0.0623
vn -0.0452 -0.0987 0.9941
vn -0.8537 0.5043 -0.1296
vn -0.9584 0.2751 -0.0755
vn -0.9027 0.4271 -0.0526
vn -0.9552 0.2779 0.1020
vn -0.2440 -0.1190 0.9624
vn -0.8610 -0.5084 0.0150
vn -0.4889 -0.8565 -0.1653
vn -0.8183 -0.5283 -0.2264
vn -0.7025 -0.2383 0.6706
vn 0.5782 0.1029 0.8094
vn 0.8836 0.1027 0.4569
vn 0.9348 0.3007 -0.1891
vn 0.9159 0.2637 -0.3025
vn 0.9200 0.2476 -0.3038
vn 0.8596 0.3191 0.3991
vn 0.2289 0.5036 -0.8331
vn 0.9929 0.1190 -0.0041
vn 0.9473 0.3203 -0.0111
vn 0.9390 0.1221 0.3215
vn 0.9377 0.1255 0.3240
vn -0.0760 -0.9524 0.2953
vn -0.1414 -0.9508 0.2757
vn -0.2229 0.0877 0.9709
vn -0.2876 0.0274 0.9573
vn 0.3887 -0.4680 0.7937
vn -0.2161 0.0701 0.9739
vn 0.0228 -0.6638 0.7476
vn 0.3973 -0.4700 -0.7882
vn 0.1121 -0.2032 -0.9727
vn 0.3166 0.6683 0.6732
vn 0.1990 0.8955 -0.3980
vn 0.1866 0.9274 -0.3242
vn 0.3623 0.4658 -0.8073
vn 0.1524 0.8970 -0.4150
vn -0.2294 0.8369 0.4969
vn -0.3449 0.9385 0.0184
vn -0.1839 0.9806 -0.0678
vn -0.2295 0.8369 0.4969
vn -0.2843 0.9561 -0.0715
vn -0.0913 0.9760 0.1977
vn 0.1799 -0.2301 0.9564
vn 0.1745 -0.3301 0.9277
vn 0.2238 -0.2542 0.9409
vn 0.0006 0.0166 -0.9999
vn 0.0642 -0.0113 -0.9979
vn 0.2884 -0.9575 0.0089
vn -0.9160 0.2995 -0.2668
vn -0.7762 0.3265 -0.5393
vn -0.8130 0.5320 -0.2368
vn -0.7767 0.3259 -0.5390
vn 0.5811 0.4324 -0.6895
vn 0.4758 0.2999 -0.8269
vn 0.2330 0.3449 -0.9092
vn 0.9748 0.1493 -0.1657
vn 0.9684 0.1877 -0.1642
vn 0.9721 0.1585 0.1730
vn -0.6597 0.5960 -0.4578
vn -0.4359 0.3417 -0.8326
vn -0.7744 0.3560 -0.5230
vn -0.7725 0.3376 -0.5378
vn -0.1271 -0.1144 -0.9853
vn -0.1479 -0.1331 -0.9800
vn -0.5610 0.1682 -0.8106
vn 0.7481 0.4275 0.5076
vn 0.6102 0.7823 -0.1252
vn 0.6492 0.7498 -0.1280
vn 0.8559 0.3918 0.3375
vn -0.3761 0.1147 0.9194
vn -0.2855 0.0335 0.9578
vn -0.2629 0.0409 0.9639
vn 0.6414 -0.3747 0.6695
vn 0.6504 -0.3621 0.6678
vn 0.6966 -0.6888 0.2007
vn 0.8992 -0.3527 0.2590
vn 0.1518 0.1568 -0.9759
vn 0.3348 0.4845 -0.8082
vn -0.5142 0.1432 0.8456
vn 0.2596 -0.9363 -0.2364
vn 0.4765 -0.8550 -0.2048
vn 0.4547 -0.8587 -0.2365
vn 0.4490 0.1434 -0.8820
vn 0.6662 -0.2408 0.7058
vn 0.6180 -0.4351 0.6548
vn 0.8555 -0.4572 0.2430
vn -0.1431 -0.3004 -0.9430
vn 0.9942 -0.0180 0.1065
vn 0.9967 -0.0026 0.0809
vn 0.8739 0.2425 -0.4212
vn 0.9860 0.1020 0.1322
vn 0.9349 -0.1363 0.3276
vn 0.8448 -0.4469 0.2943
vn 0.9360 -0.1473 0.3198
vn 0.7667 -0.1017 0.6339
vn 0.8438 0.1734 -0.5078
vn 0.8746 0.1324 -0.4664
vn -0.4394 0.8980 -0.0221
vn -0.1917 -0.2680 0.9442
vn -0.6683 -0.2833 0.6878
vn -0.2145 -0.7735 -0.5964
vn 0.1798 0.4075 0.8953
vn 0.1147 0.3817 0.9171
vn 0.3883 0.3892 0.8353
vn 0.4643 0.2684 0.8440
vn 0.1991 0.8915 -0.4068
vn -0.4020 0.4585 0.7926
vn -0.4205 0.1596 0.8931
vn -0.8218 0.3814 0.4233
vn -0.4610 0.1608 -0.8727
vn -0.9158 0.2459 -0.3176
vn -0.5685 0.2953 -0.7678
vn -0.4273 0.2384 -0.8721
vn -0.9783 -0.1393 -0.1537
vn -0.7460 -0.1141 -0.6561
vn -0.9670 -0.0931 -0.2371
vn -0.5871 0.6909 -0.4218
vn 0.3429 0.6319 0.6950
vn -0.4236 0.9056 0.0203
vn -0.5101 0.8375 0.1957
vn 0.7028 -0.1917 0.6850
vn 0.2329 -0.4080 0.8828
vn 0.6770 -0.1653 0.7172
vn 0.9585 0.2027 0.2005
vn 0.9764 0.1403 0.1642
vn 0.8852 0.4201 -0.2000
vn 0.9663 0.1255 -0.2249
vn 0.8909 0.4161 0.1820
vn -0.8197 0.1430 -0.5546
vn -0.9908 -0.0182 0.1338
vn -0.9731 -0.1233 0.1946
vn -0.9881 -0.0225 -0.1521
vn 0.4549 -0.0182 0.8903
vn 0.2474 0.0865 0.9650
vn 0.3972 -0.0439 0.9167
vn -0.1142 0.9509 0.2876
vn 0.1719 0.8547 -0.4899
vn -0.3020 0.9459 -0.1186
vn 0.3354 0.8962 0.2904
vn -0.1299 0.9439 -0.3038
vn 0.3569 0.8768 -0.3221
vn -0.2984 0.9487 0.1048
vn 0.1359 0.8843 0.4468
vn 0.3432 0.1870 -0.9205
vn -0.8928 0.2653 0.3639
vn -0.2147 0.3031 0.9284
vn -0.5523 0.2741 0.7873
vn 0.0221 -0.1516 0.9882
vn 0.1774 -0.1463 0.9732
vn -0.5751 0.5358 0.6182
vn -0.2567 -0.2401 -0.9362
vn -0.2593 -0.1958 -0.9457
vn 0.5632 0.4085 0.7182
vn 0.5738 0.4243 0.7005
vn -0.1340 -0.8060 -0.5766
vn -0.1422 -0.7518 -0.6439
vn 0.4596 -0.8877 -0.0257
vn 0.4829 -0.8753 -0.0261
vn -0.3315 0.9360 0.1186
vn -0.3500 0.1042 -0.9310
vn 0.4959 0.0537 -0.8667
vn 0.5486 0.1781 -0.8169
vn 0.5204 0.1915 -0.8322
vn 0.2832 -0.1776 0.9425
vn -0.2772 -0.1442 0.9499
vn 0.2757 -0.2016 0.9399
vn -0.2849 -0.1082 0.9524
vn -0.3294 -0.1643 0.9298
vn -0.7794 -0.1997 0.5939
vn -0.7734 0.1030 0.6255
vn -0.2633 -0.0116 -0.9646
vn -0.4356 -0.4325 0.7894
vn 0.2291 0.3433 -0.9108
vn 0.2928 0.0669 0.9538
vn 0.5110 -0.0219 0.8593
vn 0.4650 0.0668 0.8828
vn 0.4431 0.2020 0.8734
vn -0.5291 -0.6303 -0.5682
vn -0.2129 0.5295 0.8212
vn -0.1443 0.4982 0.8550
vn 0.2059 0.5279 0.8240
vn 0.1440 0.4991 0.8545
vn -0.0531 -0.9377 0.3432
vn -0.1555 -0.9458 0.2850
vn 0.6771 -0.4826 -0.5556
vn 0.8449 -0.4706 -0.2542
vn 0.4380 -0.8139 -0.3817
vn 0.8318 0.2477 0.4967
vn 0.7849 0.4220 0.4537
vn 0.7544 0.6098 -0.2429
vn 0.2275 -0.1846 0.9561
vn 0.2009 0.4665 -0.8614
vn 0.9373 -0.2473 -0.2456
vn -0.1593 0.0906 -0.9831
vn -0.8331 0.3405 -0.4358
vn -0.8594 0.2438 -0.4495
vn 0.7593 0.4313 0.4873
vn 0.3476 0.1868 -0.9188
vn 0.3437 0.3475 -0.8724
vn 0.8766 0.2449 -0.4142
vn -0.9456 0.1430 0.2923
vn -0.7653 0.1218 -0.6320
vn -0.9519 0.1960 -0.2354
vn 0.3451 0.1078 0.9324
vn 0.5762 0.1755 -0.7983
vn -0.9075 0.2735 0.3188
vn 0.1487 -0.0926 0.9845
vn -0.1587 0.1323 0.9784
vn 0.1307 0.1318 0.9826
vn 0.1427 -0.0992 0.9848
vn 0.9465 0.0870 0.3106
vn 0.5594 -0.8135 0.1589
vn 0.4095 -0.6224 0.6671
vn 0.3091 -0.2339 0.9218
vn 0.2852 -0.1763 0.9421
vn -0.2241 -0.9651 -0.1354
vn -0.0762 -0.9876 -0.1376
vn -0.1903 -0.9743 0.1208
vn -0.1845 -0.9688 -0.1657
vn -0.6334 -0.4945 -0.5952
vn -0.6120 -0.4778 -0.6302
vn -0.7667 -0.1323 0.6282
vn -0.9402 0.1075 0.3232
vn -0.9326 -0.1659 0.3205
vn -0.8752 -0.4336 -0.2144
vn -0.8574 -0.4870 -0.1663
vn -0.6358 -0.4178 -0.6490
vn -0.1718 0.2579 -0.9508
vn 0.7816 0.3115 0.5404
vn 0.9183 0.3704 0.1399
vn 0.2853 -0.0099 -0.9584
vn -0.1961 -0.2263 -0.9541
vn 0.2384 -0.2495 -0.9386
vn -0.7004 -0.4164 0.5797
vn -0.5043 -0.3734 0.7786
vn -0.3497 -0.7143 0.6062
vn -0.9241 0.3546 -0.1422
vn -0.8064 0.2785 -0.5216
vn -0.7686 0.4130 -0.4886
vn -0.7748 0.3174 -0.5468
vn -0.4865 -0.8736 -0.0085
vn -0.4504 -0.8924 -0.0273
vn 0.6951 -0.2415 0.6771
vn 0.9490 0.1294 0.2876
vn -0.1249 0.3821 0.9156
vn 0.2601 -0.1070 0.9596
vn 0.7736 -0.0667 0.6301
vn 0.8601 0.3147 -0.4014
vn -0.6583 0.6055 -0.4473
vn -0.9139 0.3526 -0.2014
vn -0.2574 0.1212 0.9587
vn 0.0432 -0.2988 0.9533
vn 0.7743 0.3648 -0.5171
vn 0.9628 -0.1270 -0.2387
vn 0.9434 -0.2200 -0.2484
vn 0.9686 -0.1303 0.2118
vn -0.4688 -0.8647 -0.1806
vn -0.4528 -0.8098 -0.3732
vn 0.0129 -0.2903 0.9568
vn 0.1796 -0.5140 -0.8387
vn -0.9251 -0.1380 0.3539
vn 0.3877 0.8887 0.2447
vn -0.0387 -0.3329 -0.9422
vn -0.9633 0.1710 0.2069
vn -0.7632 -0.1520 0.6280
vn 0.4352 -0.5366 -0.7230
vn 0.6734 -0.5360 -0.5091
vn 0.2419 -0.8624 -0.4446
vn 0.2845 -0.8781 -0.3847
vn -0.6349 0.7222 0.2744
vn -0.1192 0.9759 -0.1828
vn 0.1561 -0.9770 -0.1456
vn 0.1535 -0.9862 0.0626
vn 0.5099 -0.8347 0.2081
vn 0.0198 -0.0101 -0.9998
vn -0.0697 -0.0354 -0.9969
vn 0.0909 -0.1918 -0.9772
vn 0.1330 -0.5997 -0.7891
vn -0.0200 -0.1670 0.9858
vn -0.5787 -0.1379 0.8038
vn -0.6214 -0.1547 0.7681
vn -0.5956 -0.7601 0.2598
vn 0.2345 -0.8317 -0.5033
vn 0.5901 -0.7423 0.3174
vn 0.5682 -0.7525 0.3330
vn -0.7639 -0.0729 0.6412
vn 0.1170 0.0464 -0.9920
vn -0.1721 -0.2479 0.9534
vn 0.1645 0.1520 0.9746
vn 0.1259 0.1373 0.9825
vn 0.2384 0.0833 0.9676
vn 0.9761 0.0258 0.2157
vn 0.5763 0.0970 0.8115
vn -0.0602 0.0027 0.9982
vn -0.1314 0.0060 0.9913
vn 0.9061 0.3081 0.2900
vn -0.1591 0.7975 0.5820
vn 0.2062 -0.7477 0.6312
vn 0.3648 0.4712 -0.8030
vn 0.2872 0.4787 -0.8297
vn 0.8994 0.2129 -0.3817
vn -0.2090 0.1710 0.9628
vn -0.9088 0.3909 0.1461
vn 0.7754 0.4565 -0.4362
vn 0.6829 -0.2582 0.6834
vn 0.0698 -0.9917 0.1075
vn 0.0593 -0.9844 -0.1655
vn -0.0416 -0.9852 -0.1666
vn -0.3634 0.1920 -0.9116
vn 0.8400 -0.4634 0.2823
vn 0.5850 0.1775 -0.7913
vn 0.4511 0.2149 -0.8662
vn 0.5623 0.3348 -0.7561
vn 0.4215 0.1862 -0.8875
vn -0.9464 0.2990 0.1218
vn -0.7377 0.3635 0.5689
vn -0.7495 0.3822 0.5406
vn -0.7546 0.1752 0.6323
vn 0.9663 -0.1382 -0.2171
vn 0.7488 -0.1328 -0.6493
vn 0.2408 0.0021 -0.9706
vn -0.9662 0.1831 0.1816
vn -0.7098 -0.2489 0.6589
vn -0.7213 -0.1774 0.6695
vn -0.7635 -0.1456 0.6292
vn 0.3945 0.7331 -0.5540
vn 0.7889 0.5611 -0.2504
vn 0.7781 -0.0656 -0.6248
vn -0.0438 -0.9990 -0.0095
vn -0.6576 0.3392 0.6727
vn -0.7052 -0.1946 -0.6817
vn -0.2549 -0.1553 -0.9544
vn 0.0727 -0.9570 0.2810
vn -0.6963 0.1741 0.6963
vn 0.0384 -0.9844 0.1720
vn 0.2887 -0.2983 0.9098
vn 0.3413 0.0335 -0.9393
vn -0.9376 0.1770 0.2993
vn 0.3470 -0.3732 -0.8604
vn -0.3764 0.8949 0.2397
vn -0.5511 -0.7994 0.2392
vn -0.5939 -0.7647 0.2502
vn -0.5456 -0.8008 0.2471
vn 0.3955 0.4186 -0.8175
vn 0.6012 -0.2479 0.7597
vn -0.4315 0.2856 -0.8557
vn -0.9084 0.2994 0.2917
vn 0.8597 0.5103 0.0218
vn -0.9311 -0.1475 0.3337
vn -0.8954 -0.3705 -0.2470
vn -0.9161 0.3292 0.2290
vn -0.9294 -0.3536 0.1059
vn 0.0155 0.5357 -0.8442
vn -0.2171 0.6144 -0.7585
vn 0.2300 -0.2399 0.9431
vn -0.1745 0.4963 -0.8504
vn 0.0367 -0.4371 0.8987
vn -0.6904 -0.1736 0.7023
vn 0.4321 0.3718 0.8216
vn 0.9338 0.1817 0.3083
vn 0.2129 0.3851 -0.8980
vn 0.0696 0.4293 -0.9005
vn -0.9846 -0.1741 0.0171
vn -0.5391 -0.5171 -0.6648
vn 0.1767 -0.9793 -0.0986
vn -0.1468 -0.9124 0.3821
vn 0.2614 -0.7524 0.6046
vn 0.7181 -0.1117 0.6869
vn -0.6920 -0.2473 0.6782
vn 0.2424 0.2322 -0.9420
vn -0.9011 0.3953 -0.1780
vn -0.8233 0.0185 -0.5673
vn 0.5016 -0.8578 -0.1120
vn -0.9486 0.2963 -0.1109
vn 0.7360 -0.1346 0.6634
vn 0.4386 0.8983 0.0249
vn 0.5035 0.1672 -0.8476
vn 0.3627 0.0967 -0.9269
vn -0.3371 -0.1906 -0.9220
vn 0.1845 -0.9366 0.2980
vn 0.6744 0.6920 -0.2574
vn -0.1606 0.9865 -0.0323
vn 0.0781 -0.9075 -0.4128
vn 0.0755 -0.9065 -0.4154
vn -0.3562 0.3625 -0.8612
vn -0.8738 0.2015 -0.4426
vn 0.1310 0.4664 -0.8748
vn -0.5972 0.7563 0.2673
vn -0.6616 0.6466 0.3798
vn -0.5279 0.8351 0.1547
vn -0.7000 0.6645 0.2617
vn 0.8987 0.4184 -0.1312
vn 0.3010 0.6016 -0.7399
vn -0.9965 -0.0060 0.0838
vn 0.5436 -0.2152 0.8113
vn -0.5568 0.3316 -0.7615
vn -0.8251 -0.4769 0.3028
vn -0.3473 0.0533 -0.9362
vn -0.3461 0.0528 -0.9367
vn 0.7469 0.1295 0.6522
vn -0.2557 -0.9529 -0.1630
vn 0.9707 -0.1011 -0.2181
vn 0.9620 0.2099 -0.1749
vn 0.9833 -0.0328 -0.1788
vn 0.7763 0.1297 -0.6169
vn 0.7500 -0.1571 -0.6425
vn 0.7884 -0.2413 -0.5658
vn -0.2598 0.1602 0.9523
vn -0.1616 0.2400 0.9572
vn -0.9336 0.3023 -0.1923
vn 0.6882 0.3566 0.6319
vn -0.1766 0.8188 -0.5462
vn -0.1588 0.4844 -0.8603
vn -0.5908 -0.7936 0.1453
vn 0.4162 0.9092 0.0102
vn 0.7302 0.6219 -0.2831
vn 0.7827 0.3530 -0.5126
vn -0.8264 0.5512 0.1149
vn -0.2501 -0.1870 -0.9500
vn -0.5205 0.8514 0.0642
vn -0.3379 -0.6991 -0.6302
vn -0.6484 -0.3746 -0.6628
vn -0.6442 -0.7172 -0.2656
vn 0.9698 -0.1204 0.2122
vn 0.3866 0.7280 0.5662
vn 0.9862 -0.0329 0.1622
vn -0.0119 -0.1623 0.9867
vn 0.1614 0.2387 0.9576
vn 0.7555 -0.0692 0.6514
vn 0.1627 0.7891 0.5923
vn 0.2091 0.6134 0.7616
vn 0.6744 0.6922 -0.2572
vn -0.5879 0.0894 -0.8040
vn 0.4532 -0.8782 0.1528
vn 0.4560 -0.8771 0.1506
vn 0.7138 -0.6898 0.1208
vn 0.7247 -0.6750 0.1385
vn 0.7251 -0.6832 -0.0864
vn 0.7224 -0.6866 -0.0818
vn 0.4601 -0.8820 -0.1021
vn 0.4678 -0.8785 -0.0964
vn -0.7183 -0.6617 0.2149
vn 0.4492 -0.8928 0.0338
vn 0.5864 -0.8088 0.0441
vn 0.6645 -0.7472 0.0105
vn 0.6889 -0.7247 0.0102
vn 0.8311 -0.5497 0.0846
vn 0.4877 -0.8488 -0.2043
vn 0.1629 0.0496 0.9854
vn 0.1141 -0.1710 0.9786
vn 0.4194 -0.7165 0.5575
vn 0.4453 -0.7188 0.5340
vn -0.1163 -0.7903 0.6015
vn -0.2222 -0.8031 0.5528
vn 0.0955 -0.4567 0.8845
vn 0.0302 -0.1822 0.9828
vn -0.3365 0.1539 0.9290
vn 0.2880 0.1710 0.9422
vn -0.1634 -0.9807 0.1074
vn 0.0995 -0.9809 -0.1671
vn -0.1063 -0.9810 -0.1622
vn 0.0430 -0.9989 -0.0185
vn 0.0431 -0.9989 0.0168
vn 0.0187 -0.9989 0.0425
vn -0.0176 -0.9989 0.0434
vn -0.1628 -0.9814 -0.1017
vn -0.7655 -0.6434 -0.0087
vn -0.4644 -0.8845 0.0436
vn -0.3362 -0.9303 0.1464
vn -0.3481 -0.9368 -0.0338
vn -0.3679 -0.9297 -0.0192
vn -0.7694 -0.6384 0.0212
vn -0.8022 -0.5957 -0.0412
vn -0.8032 -0.5929 0.0574
vn -0.7521 -0.6578 0.0406
vn -0.8391 -0.5435 -0.0220
vn -0.6270 -0.7789 -0.0151
vn -0.6623 -0.7493 -0.0000
vn -0.5952 -0.8036 -0.0000
vn -0.4615 -0.8858 -0.0495
vn 0.8770 -0.4805 -0.0030
vn 0.8433 -0.5306 -0.0859
s 0
f 1//1 94//1 654//1
f 1//2 121//2 521//2
f 1//3 217//3 721//3
f 1//4 477//4 217//4
f 1//5 521//5 477//5
f 1//6 654//6 121//6
f 1//7 721//7 953//7
f 1//8 953//8 94//8
f 2//9 86//9 646//9
f 2//10 110//10 182//10
f 2//11 182//11 982//11
f 2//12 614//12 110//12
f 2//13 646//13 614//13
f 2//14 982//14 86//14
f 3//15 71//15 783//15
f 3//16 87//16 183//16
f 3//17 183//17 411//17
f 3//18 323//18 71//18
f 3//19 411//19 323//19
f 3//20 783//20 87//20
f 4//21 8//21 412//21
f 4//22 364//22 668//22
f 4//23 412//23 868//23
f 4//24 552//24 8//24
f 4//25 668//25 552//25
f 4//26 868//26 364//26
f 5//27 365//27 269//27
f 5//28 669//28 957//28
f 5//29 957//29 365//29
f 6//30 294//30 366//30
f 6//31 308//31 670//31
f 6//32 366//32 958//32
f 6//33 670//33 814//33
f 6//34 814//34 294//34
f 6//35 958//35 308//35
f 7//36 79//36 671//36
f 7//37 295//37 611//37
f 7//38 611//38 775//38
f 7//39 671//39 295//39
f 7//40 775//40 79//40
f 8//41 188//41 412//41
f 8//42 440//42 988//42
f 8//43 552//43 440//43
f 8//44 988//44 188//44
f 9//45 281//45 933//45
f 9//46 473//46 945//46
f 9//47 553//47 473//47
f 9//48 813//48 553//48
f 9//49 933//49 813//49
f 9//50 945//50 281//50
f 10//51 442//51 786//51
f 10//52 730//52 442//52
f 10//53 786//53 874//53
f 10//54 874//54 970//54
f 10//55 970//55 730//55
f 11//56 107//56 641//56
f 11//57 316//57 331//57
f 11//58 331//58 403//58
f 11//59 403//59 107//59
f 11//60 443//60 628//60
f 11//61 628//61 316//61
f 11//62 641//62 443//62
f 12//63 72//63 196//63
f 12//64 196//64 388//64
f 12//65 388//65 580//65
f 12//66 572//66 72//66
f 12//67 580//67 572//67
f 13//68 157//68 985//68
f 13//69 405//69 157//69
f 13//70 733//70 405//70
f 13//71 985//71 733//71
f 14//72 140//72 644//72
f 14//73 502//73 532//73
f 14//74 532//74 140//74
f 14//75 644//75 806//75
f 14//76 806//76 502//76
f 15//77 175//77 399//77
f 15//78 255//78 735//78
f 15//79 399//79 519//79
f 15//80 519//80 255//80
f 15//81 639//81 175//81
f 15//82 735//82 639//82
f 16//83 224//83 896//83
f 16//84 256//84 511//84
f 16//85 271//85 224//85
f 16//86 416//86 256//86
f 16//87 511//87 271//87
f 16//88 896//88 416//88
f 17//89 201//89 811//89
f 17//90 363//90 537//90
f 17//91 489//91 797//91
f 17//92 537//92 489//92
f 17//93 705//93 363//93
f 17//94 797//94 201//94
f 17//95 811//95 705//95
f 18//96 278//96 534//96
f 18//97 338//97 410//97
f 18//98 410//98 418//98
f 18//99 418//99 278//99
f 18//100 534//100 898//100
f 18//101 898//101 338//101
f 19//102 339//102 899//102
f 19//103 475//103 555//103
f 19//104 555//104 577//104
f 19//105 577//105 339//105
f 19//106 707//106 475//106
f 19//107 899//107 707//107
f 20//108 78//108 670//108
f 20//109 308//109 564//109
f 20//110 340//110 78//110
f 20//111 564//111 340//111
f 20//112 670//112 308//112
f 21//113 421//113 981//113
f 21//114 709//114 997//114
f 21//115 885//115 709//115
f 21//116 941//116 421//116
f 21//117 981//117 885//117
f 21//118 997//118 941//118
f 22//119 386//119 162//119
f 22//120 578//120 386//120
f 23//121 423//121 999//121
f 23//122 999//122 123//122
f 24//123 80//123 368//123
f 24//124 96//124 80//124
f 24//125 368//125 568//125
f 24//126 424//126 688//126
f 24//127 568//127 888//127
f 24//128 688//128 96//128
f 24//129 888//129 424//129
f 25//130 193//130 529//130
f 25//131 285//131 713//131
f 25//132 425//132 285//132
f 25//133 529//133 425//133
f 25//134 713//134 929//134
f 25//135 929//135 193//135
f 26//136 181//136 426//136
f 26//137 346//137 906//137
f 26//138 426//138 714//138
f 26//139 714//139 346//139
f 26//140 906//140 981//140
f 26//141 981//141 181//141
f 27//142 83//142 531//142
f 27//143 531//143 715//143
f 27//144 715//144 65//144
f 28//145 428//145 168//145
f 28//146 484//146 428//146
f 28//147 892//147 484//147
f 29//148 169//148 533//148
f 29//149 533//149 821//149
f 29//150 821//150 633//150
f 30//151 190//151 414//151
f 30//152 198//152 622//152
f 30//153 414//153 660//153
f 30//154 622//154 190//154
f 30//155 660//155 822//155
f 30//156 822//156 198//156
f 31//157 239//157 391//157
f 31//158 351//158 575//158
f 31//159 391//159 351//159
f 31//160 496//160 239//160
f 31//161 575//161 800//161
f 31//162 800//162 496//162
f 32//163 352//163 832//163
f 32//164 384//164 512//164
f 32//165 512//165 352//165
f 32//166 736//166 384//166
f 32//167 832//167 736//167
f 33//168 275//168 795//168
f 33//169 587//169 275//169
f 33//170 753//170 921//170
f 33//171 795//171 753//171
f 33//172 921//172 587//172
f 34//173 150//173 582//173
f 34//174 582//174 834//174
f 34//175 754//175 814//175
f 34//176 814//176 150//176
f 34//177 834//177 922//177
f 34//178 922//178 754//178
f 35//179 104//179 200//179
f 35//180 200//180 755//180
f 35//181 524//181 104//181
f 35//182 651//182 524//182
f 35//183 755//183 651//183
f 36//184 126//184 260//184
f 36//185 260//185 504//185
f 36//186 332//186 556//186
f 36//187 504//187 332//187
f 36//188 556//188 756//188
f 36//189 756//189 126//189
f 37//190 181//190 421//190
f 37//191 261//191 805//191
f 37//192 421//192 941//192
f 37//193 661//193 181//193
f 37//194 805//194 661//194
f 37//195 941//195 261//195
f 38//196 334//196 590//196
f 38//197 436//197 334//197
f 38//198 446//198 436//198
f 38//199 590//199 820//199
f 38//200 820//200 446//200
f 39//201 263//201 703//201
f 39//202 335//202 983//202
f 39//203 559//203 263//203
f 39//204 703//204 335//204
f 39//205 983//205 559//205
f 40//206 68//206 360//206
f 40//207 156//207 444//207
f 40//208 360//208 952//208
f 40//209 444//209 588//209
f 40//210 588//210 68//210
f 40//211 952//211 156//211
f 41//212 301//212 517//212
f 41//213 361//213 301//213
f 41//214 517//214 925//214
f 41//215 589//215 361//215
f 41//216 841//216 589//216
f 41//217 913//217 841//217
f 41//218 925//218 913//218
f 42//219 218//219 522//219
f 42//220 362//220 218//220
f 42//221 506//221 986//221
f 42//222 522//222 506//222
f 42//223 618//223 362//223
f 42//224 986//224 618//224
f 43//225 153//225 257//225
f 43//226 225//226 393//226
f 43//227 257//227 347//227
f 43//228 347//228 931//228
f 43//229 393//229 857//229
f 43//230 763//230 225//230
f 43//231 857//231 153//231
f 43//232 931//232 763//232
f 44//233 324//233 635//233
f 44//234 412//234 548//234
f 44//235 548//235 324//235
f 44//236 635//236 675//236
f 44//237 675//237 844//237
f 44//238 844//238 412//238
f 45//239 85//239 245//239
f 45//240 245//240 325//240
f 45//241 325//241 765//241
f 45//242 765//242 85//242
f 46//243 116//243 382//243
f 46//244 326//244 788//244
f 46//245 382//245 326//245
f 46//246 788//246 846//246
f 46//247 846//247 958//247
f 46//248 958//248 116//248
f 47//249 223//249 767//249
f 47//250 327//250 551//250
f 47//251 551//251 847//251
f 47//252 767//252 327//252
f 47//253 847//253 871//253
f 47//254 871//254 223//254
f 48//255 248//255 384//255
f 48//256 384//256 736//256
f 48//257 400//257 248//257
f 48//258 528//258 400//258
f 48//259 736//259 928//259
f 48//260 928//260 528//260
f 49//261 289//261 905//261
f 49//262 369//262 737//262
f 49//263 513//263 289//263
f 49//264 569//264 369//264
f 49//265 737//265 513//265
f 49//266 905//266 569//266
f 50//267 146//267 738//267
f 50//268 290//268 690//268
f 50//269 541//269 290//269
f 50//270 681//270 541//270
f 50//271 690//271 146//271
f 50//272 738//272 681//272
f 51//273 235//273 459//273
f 51//274 387//274 739//274
f 51//275 459//275 571//275
f 51//276 571//276 387//276
f 51//277 739//277 851//277
f 51//278 851//278 235//278
f 52//279 76//279 276//279
f 52//280 276//280 436//280
f 52//281 348//281 76//281
f 52//282 436//282 964//282
f 52//283 964//283 348//283
f 53//284 237//284 573//284
f 53//285 277//285 741//285
f 53//286 349//286 277//286
f 53//287 573//287 349//287
f 53//288 741//288 237//288
f 54//289 166//289 966//289
f 54//290 278//290 706//290
f 54//291 430//291 278//291
f 54//292 606//292 430//292
f 54//293 706//293 166//293
f 54//294 966//294 606//294
f 55//295 307//295 595//295
f 55//296 391//296 743//296
f 55//297 595//297 883//297
f 55//298 687//298 911//298
f 55//299 743//299 307//299
f 55//300 883//300 687//300
f 55//301 911//301 391//301
f 56//302 376//302 536//302
f 56//303 536//303 824//303
f 56//304 560//304 583//304
f 56//305 583//305 376//305
f 56//306 592//306 560//306
f 56//307 824//307 592//307
f 57//308 317//308 393//308
f 57//309 377//309 937//309
f 57//310 393//310 377//310
f 57//311 629//311 745//311
f 57//312 745//312 317//312
f 57//313 937//313 629//313
f 58//314 114//314 442//314
f 58//315 338//315 898//315
f 58//316 442//316 730//316
f 58//317 730//317 746//317
f 58//318 746//318 338//318
f 58//319 898//319 114//319
f 59//320 227//320 971//320
f 59//321 321//321 747//321
f 59//322 395//322 227//322
f 59//323 747//323 769//323
f 59//324 769//324 395//324
f 59//325 971//325 321//325
f 60//326 136//326 600//326
f 60//327 204//327 540//327
f 60//328 312//328 840//328
f 60//329 540//329 136//329
f 60//330 600//330 312//330
f 60//331 748//331 860//331
f 60//332 840//332 748//332
f 60//333 860//333 204//333
f 61//334 81//334 637//334
f 61//335 137//335 466//335
f 61//336 466//336 817//336
f 61//337 637//337 861//337
f 61//338 817//338 81//338
f 61//339 861//339 137//339
f 62//340 132//340 620//340
f 62//341 222//341 692//341
f 62//342 292//342 766//342
f 62//343 620//343 812//343
f 62//344 692//344 132//344
f 62//345 750//345 222//345
f 62//346 766//346 750//346
f 62//347 812//347 292//347
f 63//348 223//348 463//348
f 63//349 303//349 751//349
f 63//349 463//349 303//349
f 63//350 543//350 767//350
f 63//351 751//351 543//351
f 63//352 767//352 223//352
f 64//353 352//353 512//353
f 64//354 512//354 944//354
f 64//355 752//355 352//355
f 64//356 800//356 976//356
f 64//357 944//357 800//357
f 64//358 976//358 752//358
f 65//359 715//359 801//359
f 65//360 801//360 657//360
f 66//361 246//361 330//361
f 66//362 330//362 946//362
f 66//363 354//363 918//363
f 66//364 658//364 246//364
f 66//365 918//365 658//365
f 66//366 946//366 354//366
f 67//367 327//367 803//367
f 67//368 355//368 699//368
f 67//369 499//369 551//369
f 67//370 551//370 327//370
f 67//371 699//371 499//371
f 67//372 803//372 355//372
f 68//373 588//373 900//373
f 68//374 748//374 360//374
f 68//375 860//375 748//375
f 68//376 900//376 860//376
f 69//377 301//377 361//377
f 69//378 361//378 781//378
f 69//379 501//379 301//379
f 70//380 262//380 782//380
f 70//381 404//381 462//381
f 70//382 462//382 836//382
f 70//383 590//383 262//383
f 70//384 782//384 404//384
f 70//385 836//385 590//385
f 71//386 99//386 303//386
f 71//387 303//387 463//387
f 71//388 323//388 99//388
f 71//389 463//389 783//389
f 72//390 140//390 532//390
f 72//391 532//391 196//391
f 72//392 572//392 664//392
f 72//393 632//393 140//393
f 72//394 664//394 632//394
f 73//395 161//395 345//395
f 73//396 345//396 557//396
f 73//397 557//397 733//397
f 73//398 665//398 161//398
f 73//399 733//399 985//399
f 73//400 985//400 665//400
f 74//401 266//401 666//401
f 74//402 458//402 810//402
f 74//403 570//403 458//403
f 74//404 618//404 266//404
f 74//405 666//405 570//405
f 74//406 810//406 618//406
f 75//407 187//407 291//407
f 75//408 291//408 811//408
f 75//409 377//409 561//409
f 75//410 417//410 377//410
f 75//411 561//411 187//411
f 75//412 811//412 417//412
f 76//413 236//413 740//413
f 76//414 348//414 732//414
f 76//415 732//415 236//415
f 76//416 740//416 276//416
f 77//417 249//417 553//417
f 77//418 329//418 921//418
f 77//419 553//419 581//419
f 77//420 581//420 329//420
f 77//421 753//421 249//421
f 77//422 921//422 753//422
f 78//423 270//423 510//423
f 78//424 340//424 990//424
f 78//425 510//425 670//425
f 78//426 990//426 270//426
f 79//427 560//427 991//427
f 79//428 583//428 560//428
f 79//429 775//429 583//429
f 79//430 991//430 671//430
f 80//431 96//431 320//431
f 80//432 320//432 712//432
f 80//433 640//433 368//433
f 80//434 712//434 960//434
f 80//435 960//435 640//435
f 81//436 313//436 569//436
f 81//437 569//437 637//437
f 81//438 817//438 313//438
f 82//439 138//439 890//439
f 82//440 314//440 698//440
f 82//441 530//441 930//441
f 82//442 698//442 138//442
f 82//443 890//443 530//443
f 82//444 930//444 314//444
f 83//445 891//445 531//445
f 83//446 987//446 891//446
f 84//447 211//447 481//447
f 84//448 481//448 817//448
f 84//449 734//449 856//449
f 84//450 770//450 734//450
f 84//451 817//451 770//451
f 84//452 856//452 211//452
f 85//453 485//453 245//453
f 85//454 605//454 645//454
f 85//455 645//455 485//455
f 85//456 765//456 605//456
f 86//457 226//457 646//457
f 86//458 562//458 226//458
f 86//459 982//459 562//459
f 87//460 319//460 563//460
f 87//461 479//461 319//461
f 87//462 563//462 183//462
f 87//463 783//463 479//463
f 88//464 124//464 672//464
f 88//465 328//465 956//465
f 88//466 956//466 124//466
f 89//467 305//467 649//467
f 89//468 389//468 969//468
f 89//469 649//469 389//469
f 89//470 825//470 305//470
f 89//471 881//471 825//471
f 89//472 969//472 881//472
f 90//473 202//473 538//473
f 90//474 306//474 650//474
f 90//475 490//475 826//475
f 90//476 538//476 490//476
f 90//477 650//477 202//477
f 90//478 826//478 306//478
f 91//479 307//479 935//479
f 91//480 651//480 868//480
f 91//481 675//481 827//481
f 91//482 827//482 307//482
f 91//483 844//483 675//483
f 91//484 855//484 651//484
f 91//485 868//485 844//485
f 91//486 935//486 855//486
f 92//487 132//487 596//487
f 92//488 344//488 132//488
f 92//489 468//489 772//489
f 92//490 596//490 468//490
f 92//491 772//491 988//491
f 92//492 988//492 344//492
f 93//493 233//493 849//493
f 93//494 261//494 941//494
f 93//495 701//495 261//495
f 93//496 849//496 701//496
f 93//497 941//497 997//497
f 93//498 997//498 233//498
f 94//499 454//499 654//499
f 94//500 953//500 974//500
f 94//501 974//501 454//501
f 95//502 175//502 639//502
f 95//503 231//503 175//503
f 95//504 287//504 655//504
f 95//505 639//505 287//505
f 95//506 655//506 943//506
f 95//507 943//507 231//507
f 96//508 432//508 320//508
f 96//509 688//509 864//509
f 96//510 864//510 432//510
f 97//511 321//511 971//511
f 97//512 339//512 577//512
f 97//513 577//513 761//513
f 97//514 689//514 321//514
f 97//515 761//515 689//515
f 97//516 971//516 339//516
f 98//517 242//517 806//517
f 98//518 322//518 914//518
f 98//519 758//519 322//519
f 98//520 806//520 878//520
f 98//521 878//521 758//521
f 98//522 914//522 242//522
f 99//523 323//523 915//523
f 99//524 603//524 643//524
f 99//525 643//525 303//525
f 99//526 915//526 603//526
f 100//527 492//527 652//527
f 100//528 652//528 996//528
f 100//529 676//529 972//529
f 100//530 812//530 492//530
f 100//531 972//531 812//531
f 100//532 996//532 676//532
f 101//533 117//533 149//533
f 101//534 149//534 693//534
f 101//535 493//535 677//535
f 101//536 597//536 493//536
f 101//537 677//537 117//537
f 101//538 693//538 597//538
f 102//539 198//539 550//539
f 102//540 550//540 694//540
f 102//541 622//541 198//541
f 102//542 694//542 774//542
f 102//543 718//543 622//543
f 102//544 774//544 718//544
f 103//545 151//545 936//545
f 103//546 191//546 623//546
f 103//547 623//547 151//547
f 104//548 472//548 696//548
f 104//549 524//549 776//549
f 104//550 696//550 200//550
f 104//551 776//551 472//551
f 105//552 177//552 697//552
f 105//553 365//553 957//553
f 105//554 525//554 365//554
f 105//555 697//555 777//555
f 105//556 777//556 525//556
f 105//557 957//557 177//557
f 106//558 138//558 298//558
f 106//559 298//559 794//559
f 106//560 602//560 138//560
f 106//561 682//561 602//561
f 106//562 794//562 682//562
f 107//563 403//563 251//563
f 108//564 180//564 612//564
f 108//565 216//565 720//565
f 108//566 300//566 700//566
f 108//567 612//567 300//567
f 108//568 700//568 216//568
f 108//569 720//569 180//569
f 109//570 217//570 477//570
f 109//571 261//571 701//571
f 109//572 477//572 613//572
f 109//573 613//573 805//573
f 109//574 701//574 217//574
f 109//575 805//575 261//575
f 110//576 388//576 662//576
f 110//577 614//577 710//577
f 110//578 662//578 182//578
f 110//579 710//579 388//579
f 111//580 335//580 703//580
f 111//581 435//581 615//581
f 111//582 615//582 927//582
f 111//583 703//583 435//583
f 111//584 927//584 335//584
f 112//585 224//585 991//585
f 112//586 448//586 880//586
f 112//587 560//587 592//587
f 112//588 592//588 448//588
f 112//589 880//589 224//589
f 112//590 991//590 560//590
f 113//591 139//591 915//591
f 113//592 449//592 881//592
f 113//593 507//593 449//593
f 113//594 785//594 139//594
f 113//595 881//595 785//595
f 113//596 915//596 507//596
f 114//597 374//597 450//597
f 114//598 450//598 442//598
f 114//599 898//599 934//599
f 114//600 934//600 374//600
f 115//601 279//601 535//601
f 115//602 283//602 539//602
f 115//603 451//603 787//603
f 115//604 535//604 451//604
f 115//605 539//605 279//605
f 115//606 787//606 283//606
f 116//607 366//607 526//607
f 116//608 526//608 766//608
f 116//609 766//609 382//609
f 116//610 958//610 366//610
f 117//611 677//611 789//611
f 117//612 789//612 973//612
f 117//613 973//613 149//613
f 118//614 398//614 642//614
f 118//615 589//615 841//615
f 118//616 642//616 678//616
f 118//617 678//617 589//617
f 118//618 841//618 916//618
f 118//619 916//619 398//619
f 119//620 639//620 735//620
f 119//621 679//621 975//621
f 119//622 735//622 679//622
f 119//623 975//623 639//623
f 120//624 136//624 680//624
f 120//625 272//625 600//625
f 120//626 380//626 792//626
f 120//627 600//627 136//627
f 120//628 680//628 380//628
f 120//629 792//629 272//629
f 121//630 134//630 494//630
f 121//631 273//631 541//631
f 121//632 494//632 273//632
f 121//633 541//633 681//633
f 121//634 654//634 134//634
f 121//635 681//635 521//635
f 122//636 154//636 586//636
f 122//637 274//637 954//637
f 122//638 314//638 274//638
f 122//639 586//639 698//639
f 122//640 698//640 314//640
f 122//641 954//641 154//641
f 123//642 571//642 833//642
f 123//643 999//643 571//643
f 124//644 131//644 151//644
f 124//645 151//645 392//645
f 124//646 392//646 672//646
f 124//647 956//647 131//647
f 125//648 165//648 461//648
f 125//649 201//649 965//649
f 125//650 461//650 201//650
f 125//651 965//651 165//651
f 126//652 686//652 980//652
f 126//653 756//653 966//653
f 126//654 966//654 686//654
f 126//655 980//655 260//655
f 127//656 527//656 959//656
f 127//657 895//657 967//657
f 127//658 967//658 527//658
f 128//659 416//659 896//659
f 128//660 704//660 416//660
f 128//661 768//661 832//661
f 128//662 832//662 704//662
f 128//663 896//663 768//663
f 129//664 147//664 523//664
f 129//665 363//665 147//665
f 129//666 537//666 363//666
f 129//667 593//667 537//667
f 130//668 306//668 854//668
f 130//669 390//669 910//669
f 130//670 650//670 306//670
f 130//671 854//671 390//671
f 130//672 882//672 650//672
f 130//673 910//673 882//673
f 131//674 936//674 151//674
f 131//675 956//675 995//675
f 132//676 344//676 620//676
f 132//677 692//677 596//677
f 133//678 345//678 453//678
f 133//679 453//679 493//679
f 133//680 493//680 837//680
f 133//681 557//681 345//681
f 133//682 837//682 557//682
f 134//683 310//683 494//683
f 134//684 654//684 942//684
f 134//685 942//685 998//685
f 134//686 998//686 310//686
f 135//687 287//687 975//687
f 135//688 455//688 791//688
f 135//689 655//689 287//689
f 135//690 791//690 655//690
f 135//691 975//691 455//691
f 136//692 540//692 680//692
f 137//693 205//693 781//693
f 137//694 406//694 466//694
f 137//695 749//695 205//695
f 137//696 781//696 406//696
f 137//697 861//697 749//697
f 138//698 602//698 890//698
f 138//699 698//699 298//699
f 139//700 315//700 603//700
f 139//701 353//701 315//701
f 139//702 473//702 353//702
f 139//703 603//703 915//703
f 139//704 785//704 945//704
f 139//705 945//705 473//705
f 140//706 280//706 604//706
f 140//707 604//707 644//707
f 140//708 632//708 280//708
f 141//709 429//709 821//709
f 141//710 485//710 645//710
f 141//711 645//711 429//711
f 141//712 773//712 485//712
f 141//713 821//713 773//713
f 142//714 212//714 804//714
f 142//715 430//715 606//715
f 142//716 500//716 894//716
f 142//717 606//717 212//717
f 142//718 804//718 500//718
f 142//719 894//719 430//719
f 143//720 167//720 707//720
f 143//721 487//721 607//721
f 143//722 607//722 631//722
f 143//723 631//723 167//723
f 143//724 707//724 899//724
f 143//725 899//725 487//725
f 144//726 288//726 664//726
f 144//727 572//727 616//727
f 144//728 576//728 688//728
f 144//729 616//729 984//729
f 144//730 664//730 572//730
f 144//731 688//731 288//731
f 144//732 984//732 576//732
f 145//733 289//733 939//733
f 145//734 809//734 289//734
f 145//735 865//735 913//735
f 145//736 913//736 925//736
f 145//737 925//737 809//737
f 145//738 939//738 865//738
f 146//739 434//739 626//739
f 146//740 506//740 434//740
f 146//741 626//741 738//741
f 146//742 690//742 506//742
f 147//743 363//743 667//743
f 147//744 667//744 867//744
f 147//745 867//745 523//745
f 148//746 388//746 710//746
f 148//747 542//747 972//747
f 148//748 580//748 388//748
f 148//749 710//749 542//749
f 148//750 972//750 580//750
f 149//751 581//751 813//751
f 149//752 813//752 693//752
f 149//753 973//753 581//753
f 150//754 510//754 582//754
f 150//755 670//755 510//755
f 150//756 814//756 670//756
f 151//757 471//757 695//757
f 151//758 623//758 471//758
f 151//759 695//759 392//759
f 152//760 239//760 496//760
f 152//761 496//761 656//761
f 152//762 656//762 776//762
f 152//763 776//763 855//763
f 152//764 855//764 935//764
f 152//765 935//765 239//765
f 153//766 221//766 777//766
f 153//767 777//767 977//767
f 153//768 857//768 221//768
f 153//769 977//769 257//769
f 154//770 794//770 586//770
f 154//771 842//771 794//771
f 154//772 954//772 842//772
f 155//773 193//773 659//773
f 155//774 275//774 587//774
f 155//775 587//775 193//775
f 155//776 659//776 919//776
f 155//777 919//777 963//777
f 155//778 963//778 275//778
f 156//779 264//779 452//779
f 156//780 452//780 444//780
f 156//781 760//781 264//781
f 156//782 952//782 760//782
f 157//783 265//783 985//783
f 157//784 405//784 877//784
f 157//785 877//785 265//785
f 158//786 518//786 484//786
f 159//787 175//787 863//787
f 159//788 399//788 175//788
f 159//789 447//789 399//789
f 159//790 503//790 663//790
f 159//791 663//791 447//791
f 159//792 863//792 503//792
f 160//793 368//793 640//793
f 160//794 380//794 456//794
f 160//795 456//795 624//795
f 160//796 624//796 368//796
f 160//797 640//797 792//797
f 160//798 792//798 380//798
f 161//799 555//799 889//799
f 161//800 665//800 555//800
f 161//801 829//801 345//801
f 161//802 889//802 829//802
f 162//803 386//803 790//803
f 162//804 790//804 370//804
f 163//805 315//805 627//805
f 163//806 383//806 643//806
f 163//807 603//807 315//807
f 163//808 627//808 711//808
f 163//809 643//809 603//809
f 163//810 711//810 383//810
f 164//811 436//811 446//811
f 164//812 446//812 820//812
f 164//813 684//813 436//813
f 164//814 820//814 684//814
f 165//815 629//815 461//815
f 165//816 685//816 909//816
f 165//817 893//817 629//817
f 165//818 909//818 893//818
f 165//819 965//819 685//819
f 166//820 546//820 630//820
f 166//821 630//821 686//821
f 166//822 686//822 966//822
f 166//823 706//823 546//823
f 167//824 367//824 727//824
f 167//825 631//825 367//825
f 167//826 727//826 707//826
f 168//827 428//827 252//827
f 169//828 253//828 469//828
f 169//829 469//829 533//829
f 170//830 282//830 634//830
f 170//831 490//831 970//831
f 170//832 634//832 826//832
f 170//833 826//833 490//833
f 170//834 970//834 282//834
f 171//835 841//835 913//835
f 171//836 913//836 241//836
f 171//837 916//837 841//837
f 172//838 228//838 444//838
f 172//839 444//839 452//839
f 172//840 452//840 676//840
f 172//841 636//841 708//841
f 172//842 676//842 996//842
f 172//843 708//843 228//843
f 172//844 996//844 636//844
f 173//845 229//845 637//845
f 173//846 309//846 565//846
f 173//847 565//847 229//847
f 173//848 637//848 905//848
f 173//849 653//849 309//849
f 173//850 905//850 653//850
f 174//851 230//851 454//851
f 174//852 286//852 724//852
f 174//853 454//853 974//853
f 174//854 724//854 862//854
f 174//855 862//855 230//855
f 174//856 974//856 286//856
f 175//857 231//857 863//857
f 176//858 256//858 416//858
f 176//859 416//859 704//859
f 176//860 575//860 256//860
f 176//861 608//861 976//861
f 176//862 704//862 608//862
f 176//863 976//863 575//863
f 177//864 401//864 833//864
f 177//865 459//865 697//865
f 177//866 833//866 459//866
f 177//867 957//867 401//867
f 178//868 250//868 498//868
f 178//869 474//869 250//869
f 178//870 498//870 778//870
f 178//871 778//871 978//871
f 178//872 978//872 474//872
f 179//873 247//873 439//873
f 179//874 439//874 779//874
f 179//875 471//875 247//875
f 179//876 731//876 947//876
f 179//877 779//877 731//877
f 179//878 947//878 471//878
f 180//879 238//879 612//879
f 180//880 350//880 574//880
f 180//881 476//881 350//881
f 180//882 574//882 238//882
f 180//883 720//883 476//883
f 181//884 661//884 426//884
f 181//885 981//885 421//885
f 182//886 242//886 914//886
f 182//887 502//887 242//887
f 182//888 662//888 502//888
f 182//889 914//889 982//889
f 183//890 563//890 955//890
f 183//891 955//891 411//891
f 184//892 288//892 688//892
f 184//893 424//893 464//893
f 184//894 464//894 288//894
f 184//895 688//895 424//895
f 185//896 321//896 689//896
f 185//897 445//897 465//897
f 185//898 465//898 769//898
f 185//899 689//899 445//899
f 185//900 747//900 321//900
f 185//901 769//901 747//901
f 186//902 266//902 986//902
f 186//903 290//903 901//903
f 186//904 341//904 266//904
f 186//905 690//905 290//905
f 186//906 901//906 341//906
f 186//907 986//907 690//907
f 187//908 225//908 763//908
f 187//909 561//909 225//909
f 187//910 691//910 951//910
f 187//911 763//911 691//911
f 187//912 951//912 291//912
f 188//913 548//913 412//913
f 188//914 772//914 548//914
f 188//915 988//915 772//915
f 189//916 269//916 365//916
f 189//917 297//917 745//917
f 189//918 365//918 525//918
f 189//919 525//919 297//919
f 189//920 745//920 893//920
f 189//921 893//921 269//921
f 190//922 340//922 414//922
f 190//923 622//923 718//923
f 190//924 718//924 990//924
f 190//925 990//925 340//925
f 191//926 415//926 623//926
f 191//927 959//927 415//927
f 192//928 304//928 528//928
f 192//929 528//929 928//929
f 192//930 832//930 992//930
f 192//931 928//931 832//931
f 192//932 992//932 304//932
f 193//933 587//933 529//933
f 193//934 929//934 659//934
f 194//935 477//935 521//935
f 194//936 521//936 598//936
f 194//937 598//937 850//937
f 194//938 613//938 477//938
f 194//939 850//939 930//939
f 194//940 930//940 613//940
f 195//941 215//941 771//941
f 195//942 599//942 215//942
f 195//943 771//943 931//943
f 195//944 931//944 599//944
f 196//945 532//945 662//945
f 196//946 662//946 388//946
f 197//947 281//947 969//947
f 197//948 357//948 717//948
f 197//949 373//949 933//949
f 197//950 389//950 357//950
f 197//951 717//951 373//951
f 197//952 933//952 281//952
f 197//953 969//953 389//953
f 198//954 822//954 550//954
f 199//955 296//955 764//955
f 199//956 451//956 535//956
f 199//957 535//957 995//957
f 199//958 764//958 451//958
f 199//959 995//959 296//959
f 200//960 376//960 755//960
f 200//961 536//961 376//961
f 200//962 696//962 536//962
f 201//963 417//963 811//963
f 201//964 461//964 417//964
f 201//965 797//965 965//965
f 202//966 378//966 938//966
f 202//967 594//967 378//967
f 202//968 650//968 594//968
f 202//969 858//969 538//969
f 202//970 938//970 858//970
f 203//971 595//971 827//971
f 203//972 635//972 491//972
f 203//973 675//973 635//973
f 203//974 827//974 675//974
f 204//975 396//975 884//975
f 204//976 860//976 396//976
f 204//977 884//977 540//977
f 206//978 356//978 948//978
f 206//979 478//979 702//979
f 206//980 702//980 926//980
f 206//981 852//981 478//981
f 206//982 926//982 356//982
f 206//983 948//983 852//983
f 207//984 327//984 767//984
f 207//985 543//985 887//985
f 207//986 767//986 543//986
f 207//987 803//987 327//987
f 207//988 887//988 919//988
f 207//989 919//989 803//989
f 208//990 248//990 472//990
f 208//991 384//991 248//991
f 208//992 472//992 656//992
f 208//993 512//993 384//993
f 208//994 656//994 944//994
f 208//995 944//995 512//995
f 209//996 413//996 441//996
f 209//997 429//997 729//997
f 209//998 633//998 429//998
f 209//999 729//999 413//999
f 210//1000 354//1000 946//1000
f 210//1001 470//1001 514//1001
f 210//1002 514//1002 694//1002
f 210//1003 550//1003 354//1003
f 210//1004 694//1004 550//1004
f 210//1005 946//1005 470//1005
f 211//1006 471//1006 947//1006
f 211//1007 695//1007 471//1007
f 211//1008 856//1008 695//1008
f 211//1009 947//1009 481//1009
f 212//1010 606//1010 798//1010
f 212//1011 798//1011 852//1011
f 212//1012 852//1012 948//1012
f 212//1013 948//1013 804//1013
f 213//1014 333//1014 517//1014
f 213//1015 517//1015 501//1015
f 213//1016 757//1016 333//1016
f 214//1017 466//1017 762//1017
f 214//1018 734//1018 770//1018
f 214//1019 770//1019 466//1019
f 215//1020 495//1020 567//1020
f 215//1021 567//1021 879//1021
f 215//1022 599//1022 495//1022
f 215//1023 879//1023 771//1023
f 216//1024 504//1024 520//1024
f 216//1025 520//1025 720//1025
f 216//1026 700//1026 808//1026
f 216//1027 808//1027 504//1027
f 217//1028 505//1028 721//1028
f 217//1029 701//1029 505//1029
f 218//1030 362//1030 794//1030
f 218//1031 794//1031 842//1031
f 218//1032 842//1032 522//1032
f 219//1033 291//1033 839//1033
f 219//1034 407//1034 667//1034
f 219//1035 579//1035 407//1035
f 219//1036 667//1036 811//1036
f 219//1037 811//1037 291//1037
f 219//1038 839//1038 579//1038
f 220//1039 296//1039 995//1039
f 220//1040 328//1040 872//1040
f 220//1041 728//1041 296//1041
f 220//1042 872//1042 728//1042
f 220//1043 956//1043 328//1043
f 220//1044 995//1044 956//1044
f 221//1045 297//1045 525//1045
f 221//1046 525//1046 777//1046
f 221//1047 585//1047 297//1047
f 221//1048 857//1048 585//1048
f 222//1049 596//1049 692//1049
f 222//1050 750//1050 870//1050
f 222//1051 870//1051 902//1051
f 222//1052 902//1052 596//1052
f 223//348 799//348 463//348
f 223//1053 871//1053 799//1053
f 224//1054 271//1054 991//1054
f 224//1055 880//1055 896//1055
f 225//1056 377//1056 393//1056
f 225//1057 561//1057 377//1057
f 226//1058 486//1058 646//1058
f 226//1059 562//1059 658//1059
f 226//1060 658//1060 918//1060
f 226//1061 918//1061 486//1061
f 227//1062 319//1062 647//1062
f 227//1063 395//1063 563//1063
f 227//1064 563//1064 319//1064
f 227//1065 647//1065 823//1065
f 227//1066 823//1066 971//1066
f 228//1067 588//1067 444//1067
f 228//1068 708//1068 900//1068
f 228//1069 900//1069 588//1069
f 229//1070 565//1070 861//1070
f 229//1071 861//1071 637//1071
f 230//1072 258//1072 566//1072
f 230//1073 566//1073 454//1073
f 230//1074 862//1074 258//1074
f 231//1075 343//1075 863//1075
f 231//1076 483//1076 343//1076
f 231//1077 943//1077 483//1077
f 232//1078 456//1078 652//1078
f 232//1079 492//1079 828//1079
f 232//1080 624//1080 456//1080
f 232//1081 652//1081 492//1081
f 232//1082 828//1082 848//1082
f 232//1083 848//1083 624//1083
f 233//1084 397//1084 457//1084
f 233//1085 457//1085 625//1085
f 233//1086 625//1086 849//1086
f 233//1087 997//1087 397//1087
f 234//1088 346//1088 714//1088
f 234//1089 458//1089 570//1089
f 234//1090 570//1090 346//1090
f 234//1091 682//1091 794//1091
f 234//1092 714//1092 682//1092
f 234//1093 794//1093 458//1093
f 235//1094 697//1094 459//1094
f 235//1095 851//1095 907//1095
f 235//1096 907//1096 977//1096
f 235//1097 977//1097 697//1097
f 236//1098 356//1098 740//1098
f 236//1099 732//1099 808//1099
f 236//1100 808//1100 924//1100
f 236//1101 876//1101 356//1101
f 236//1102 924//1102 876//1102
f 237//1103 489//1103 573//1103
f 237//1104 741//1104 489//1104
f 238//1105 374//1105 934//1105
f 238//1106 574//1106 374//1106
f 238//1107 742//1107 612//1107
f 238//1108 934//1108 742//1108
f 239//1109 743//1109 391//1109
f 239//1110 935//1110 743//1110
f 240//1111 320//1111 432//1111
f 240//1112 408//1112 544//1112
f 240//1113 432//1113 952//1113
f 240//1114 544//1114 912//1114
f 240//1115 912//1115 320//1115
f 240//1116 952//1116 408//1116
f 241//1117 913//1117 859//1117
f 242//1118 502//1118 806//1118
f 243//1119 447//1119 663//1119
f 243//1120 547//1120 807//1120
f 243//1121 807//1121 447//1121
f 244//1122 451//1122 764//1122
f 244//1123 764//1123 638//1123
f 244//1124 787//1124 451//1124
f 245//1125 485//1125 773//1125
f 245//1126 549//1126 725//1126
f 245//1127 725//1127 917//1127
f 245//1128 773//1128 549//1128
f 245//1129 917//1129 325//1129
f 246//1130 250//1130 554//1130
f 246//1131 402//1131 330//1131
f 246//1132 498//1132 250//1132
f 246//1133 554//1133 402//1133
f 246//1134 658//1134 498//1134
f 247//1135 415//1135 527//1135
f 247//1136 471//1136 623//1136
f 247//1137 527//1137 439//1137
f 247//1138 623//1138 415//1138
f 248//1139 400//1139 696//1139
f 248//1140 696//1140 472//1140
f 249//1141 353//1141 473//1141
f 249//1142 473//1142 553//1142
f 249//1143 609//1143 353//1143
f 249//1144 753//1144 609//1144
f 250//1145 474//1145 610//1145
f 250//1146 610//1146 554//1146
f 251//1147 403//1147 835//1147
f 251//1148 611//1148 979//1148
f 251//1149 835//1149 611//1149
f 252//1150 428//1150 932//1150
f 253//1151 989//1151 469//1151
f 254//1152 358//1152 878//1152
f 254//1153 443//1153 358//1153
f 254//1154 604//1154 628//1154
f 254//1155 628//1155 443//1155
f 254//1156 644//1156 604//1156
f 254//1157 878//1157 644//1157
f 255//1158 359//1158 735//1158
f 255//1159 519//1159 807//1159
f 255//1160 807//1160 359//1160
f 256//1161 351//1161 511//1161
f 256//1162 575//1162 351//1162
f 257//1163 851//1163 347//1163
f 257//1164 907//1164 851//1164
f 257//1165 977//1165 907//1165
f 258//1166 342//1166 566//1166
f 258//1167 862//1167 902//1167
f 258//1168 870//1168 978//1168
f 258//1169 902//1169 870//1169
f 258//1170 978//1170 342//1170
f 259//1171 567//1171 831//1171
f 259//1172 591//1172 567//1172
f 259//1173 831//1173 423//1173
f 260//1174 520//1174 504//1174
f 260//1175 780//1175 520//1175
f 260//1176 980//1176 780//1176
f 262//1177 334//1177 830//1177
f 262//1178 478//1178 782//1178
f 262//1179 590//1179 334//1179
f 262//1180 702//1180 478//1180
f 262//1181 830//1181 702//1181
f 263//1182 559//1182 591//1182
f 264//1183 284//1183 452//1183
f 264//1184 616//1184 284//1184
f 264//1185 760//1185 984//1185
f 264//1186 984//1186 616//1186
f 265//1187 445//1187 689//1187
f 265//1188 689//1188 761//1188
f 265//1189 761//1189 985//1189
f 265//1190 877//1190 445//1190
f 266//1191 341//1191 666//1191
f 266//1192 618//1192 986//1192
f 267//1193 467//1193 987//1193
f 267//1194 619//1194 467//1194
f 267//1195 673//1195 619//1195
f 268//1196 296//1196 728//1196
f 268//1197 638//1197 764//1197
f 268//1198 764//1198 296//1198
f 270//1199 582//1199 510//1199
f 270//1200 774//1200 582//1200
f 270//1201 990//1201 774//1201
f 271//1202 511//1202 815//1202
f 271//1203 671//1203 991//1203
f 271//1204 815//1204 671//1204
f 272//1205 792//1205 960//1205
f 272//1206 816//1206 600//1206
f 272//1207 960//1207 816//1207
f 273//1208 381//1208 541//1208
f 273//1209 457//1209 381//1209
f 273//1210 494//1210 838//1210
f 273//1211 601//1211 793//1211
f 273//1212 793//1212 457//1212
f 273//1213 838//1213 950//1213
f 273//1214 950//1214 601//1214
f 274//1215 314//1215 850//1215
f 274//1216 434//1216 954//1216
f 274//1217 626//1217 434//1217
f 274//1218 850//1218 626//1218
f 275//1219 311//1219 795//1219
f 275//1220 963//1220 311//1220
f 276//1221 740//1221 926//1221
f 276//1222 830//1222 436//1222
f 276//1223 926//1223 830//1223
f 277//1224 349//1224 685//1224
f 277//1225 685//1225 965//1225
f 277//1226 965//1226 741//1226
f 278//1227 418//1227 706//1227
f 278//1228 430//1228 534//1228
f 279//1229 419//1229 967//1229
f 279//1230 431//1230 535//1230
f 279//1231 539//1231 419//1231
f 279//1232 967//1232 431//1232
f 280//1233 632//1233 784//1233
f 280//1234 744//1234 604//1234
f 280//1235 784//1235 968//1235
f 280//1236 968//1236 744//1236
f 281//1237 785//1237 969//1237
f 281//1238 945//1238 785//1238
f 282//1239 874//1239 634//1239
f 282//1240 970//1240 874//1240
f 283//1241 859//1241 539//1241
f 284//1242 580//1242 972//1242
f 284//1243 616//1243 580//1243
f 284//1244 676//1244 452//1244
f 284//1245 972//1245 676//1245
f 285//1246 425//1246 973//1246
f 285//1247 789//1247 713//1247
f 285//1248 973//1248 789//1248
f 286//1249 324//1249 724//1249
f 286//1250 409//1250 545//1250
f 286//1251 545//1251 324//1251
f 286//1252 974//1252 409//1252
f 287//1253 639//1253 975//1253
f 288//1254 464//1254 784//1254
f 288//1255 784//1255 664//1255
f 289//1256 513//1256 939//1256
f 289//1257 809//1257 905//1257
f 290//1258 381//1258 901//1258
f 290//1259 541//1259 381//1259
f 291//1260 951//1260 839//1260
f 292//1261 382//1261 766//1261
f 292//1262 542//1262 382//1262
f 292//1263 812//1263 972//1263
f 292//1264 972//1264 542//1264
f 293//1265 469//1265 989//1265
f 293//1266 549//1266 469//1266
f 293//1267 621//1267 725//1267
f 293//1268 725//1268 549//1268
f 293//1269 873//1269 621//1269
f 293//1270 989//1270 873//1270
f 294//1271 610//1271 726//1271
f 294//1272 726//1272 366//1272
f 294//1273 814//1273 610//1273
f 295//1274 671//1274 815//1274
f 295//1275 687//1275 883//1275
f 295//1276 815//1276 687//1276
f 295//1277 883//1277 979//1277
f 295//1278 979//1278 611//1278
f 297//1279 317//1279 745//1279
f 297//1280 585//1280 317//1280
f 298//1281 586//1281 794//1281
f 298//1282 698//1282 586//1282
f 299//1283 369//1283 875//1283
f 299//1284 731//1284 737//1284
f 299//1285 737//1285 369//1285
f 299//1286 875//1286 731//1286
f 300//1287 500//1287 516//1287
f 300//1288 516//1288 700//1288
f 300//1289 612//1289 894//1289
f 300//1290 894//1290 500//1290
f 301//1291 501//1291 517//1291
f 302//1292 372//1292 428//1292
f 302//1293 428//1293 518//1293
f 303//1294 643//1294 751//1294
f 304//1295 448//1295 592//1295
f 304//1296 592//1296 824//1296
f 304//1297 824//1297 528//1297
f 304//1298 992//1298 448//1298
f 305//1299 465//1299 617//1299
f 305//1300 617//1300 649//1300
f 305//1301 825//1301 993//1301
f 305//1302 993//1302 465//1302
f 306//1303 674//1303 994//1303
f 306//1304 826//1304 674//1304
f 306//1305 994//1305 854//1305
f 307//1306 743//1306 935//1306
f 307//1307 827//1307 595//1307
f 308//1308 846//1308 564//1308
f 308//1309 958//1309 846//1309
f 309//1310 653//1310 757//1310
f 310//1311 322//1311 758//1311
f 310//1312 758//1312 494//1312
f 310//1313 866//1313 322//1313
f 310//1314 998//1314 866//1314
f 311//1315 627//1315 795//1315
f 311//1316 711//1316 627//1316
f 311//1317 963//1317 711//1317
f 312//1318 480//1318 544//1318
f 312//1319 544//1319 840//1319
f 312//1320 600//1320 816//1320
f 312//1321 816//1321 480//1321
f 313//1322 369//1322 569//1322
f 313//1323 481//1323 875//1323
f 313//1324 817//1324 481//1324
f 313//1325 875//1325 369//1325
f 314//1326 930//1326 850//1326
f 315//1327 353//1327 627//1327
f 316//1328 460//1328 331//1328
f 316//1329 628//1329 744//1329
f 316//1330 744//1330 460//1330
f 317//1331 585//1331 857//1331
f 317//1332 857//1332 393//1332
f 318//1333 326//1333 614//1333
f 318//1334 486//1334 660//1334
f 318//1335 614//1335 646//1335
f 318//1336 646//1336 486//1336
f 318//1337 660//1337 788//1337
f 318//1338 788//1338 326//1338
f 319//1339 479//1339 647//1339
f 320//1340 912//1340 712//1340
f 322//1341 866//1341 914//1341
f 323//1342 411//1342 507//1342
f 323//1343 507//1343 915//1343
f 324//1344 545//1344 635//1344
f 324//1345 548//1345 724//1345
f 325//1346 845//1346 765//1346
f 325//1347 869//1347 845//1347
f 325//1348 917//1348 869//1348
f 326//1349 382//1349 710//1349
f 326//1350 710//1350 614//1350
f 329//1351 425//1351 529//1351
f 329//1352 529//1352 921//1352
f 329//1353 581//1353 973//1353
f 329//1354 973//1354 425//1354
f 330//1355 402//1355 470//1355
f 330//1356 470//1356 946//1356
f 331//1357 460//1357 923//1357
f 331//1358 923//1358 403//1358
f 332//1359 504//1359 808//1359
f 332//1360 716//1360 556//1360
f 332//1361 732//1361 716//1361
f 332//1362 808//1362 732//1362
f 333//1363 653//1363 809//1363
f 333//1364 757//1364 653//1364
f 333//1365 809//1365 925//1365
f 333//1366 925//1366 517//1366
f 334//1367 436//1367 830//1367
f 335//1368 579//1368 983//1368
f 335//1369 927//1369 579//1369
f 336//1370 392//1370 856//1370
f 336//1371 672//1371 392//1371
f 336//1372 856//1372 734//1372
f 337//1373 497//1373 897//1373
f 337//1374 657//1374 497//1374
f 337//1375 897//1375 673//1375
f 338//1376 394//1376 410//1376
f 338//1377 746//1377 394//1377
f 339//1378 823//1378 899//1378
f 339//1379 971//1379 823//1379
f 340//1380 564//1380 414//1380
f 341//1381 709//1381 885//1381
f 341//1382 885//1382 666//1382
f 341//1383 901//1383 709//1383
f 342//1384 482//1384 566//1384
f 342//1385 778//1385 818//1385
f 342//1386 818//1386 482//1386
f 342//1387 978//1387 778//1387
f 343//1388 903//1388 863//1388
f 344//1389 440//1389 904//1389
f 344//1390 828//1390 620//1390
f 344//1391 848//1391 828//1391
f 344//1392 904//1392 848//1392
f 344//1393 988//1393 440//1393
f 345//1394 829//1394 453//1394
f 346//1395 570//1395 906//1395
f 347//1396 599//1396 931//1396
f 347//1397 739//1397 599//1397
f 347//1398 851//1398 739//1398
f 348//1399 716//1399 732//1399
f 348//1400 908//1400 716//1400
f 348//1401 964//1401 908//1401
f 349//1402 909//1402 685//1402
f 350//1403 390//1403 854//1403
f 350//1404 476//1404 780//1404
f 350//1405 780//1405 390//1405
f 350//1406 854//1406 574//1406
f 351//1407 391//1407 911//1407
f 351//1408 911//1408 511//1408
f 352//1409 752//1409 832//1409
f 353//1410 609//1410 627//1410
f 354//1411 550//1411 822//1411
f 354//1412 822//1412 918//1412
f 355//1413 659//1413 929//1413
f 355//1414 683//1414 699//1414
f 355//1415 803//1415 659//1415
f 355//1416 929//1416 683//1416
f 356//1417 876//1417 948//1417
f 356//1418 926//1418 740//1418
f 357//1419 389//1419 649//1419
f 357//1420 617//1420 949//1420
f 357//1421 649//1421 617//1421
f 357//1422 949//1422 717//1422
f 358//1423 443//1423 961//1423
f 358//1424 558//1424 878//1424
f 358//1425 961//1425 558//1425
f 359//1426 371//1426 679//1426
f 359//1427 679//1427 735//1427
f 359//1428 807//1428 371//1428
f 360//1429 408//1429 952//1429
f 360//1430 748//1430 840//1430
f 360//1431 840//1431 408//1431
f 361//1432 589//1432 678//1432
f 361//1433 678//1433 790//1433
f 361//1434 790//1434 781//1434
f 362//1435 618//1435 810//1435
f 362//1436 810//1436 794//1436
f 363//1437 705//1437 667//1437
f 364//1438 488//1438 668//1438
f 364//1439 651//1439 796//1439
f 364//1440 796//1440 488//1440
f 364//1441 868//1441 651//1441
f 366//1442 726//1442 526//1442
f 367//1443 631//1443 871//1443
f 367//1444 847//1444 727//1444
f 367//1445 871//1445 847//1445
f 368//1446 624//1446 568//1446
f 370//1447 678//1447 642//1447
f 370//1448 790//1448 678//1448
f 371//1449 455//1449 679//1449
f 371//1450 547//1450 791//1450
f 371//1451 791//1451 455//1451
f 371//1452 807//1452 547//1452
f 372//1453 932//1453 428//1453
f 373//1454 597//1454 693//1454
f 373//1455 693//1455 933//1455
f 373//1456 717//1456 853//1456
f 373//1457 853//1457 597//1457
f 374//1458 574//1458 994//1458
f 374//1459 994//1459 450//1459
f 375//1460 431//1460 895//1460
f 375//1461 535//1461 431//1461
f 375//1462 719//1462 995//1462
f 375//1463 895//1463 719//1463
f 375//1464 995//1464 535//1464
f 376//1465 515//1465 755//1465
f 376//1466 583//1466 515//1466
f 377//1467 417//1467 937//1467
f 378//1468 418//1468 938//1468
f 378//1469 546//1469 706//1469
f 378//1470 594//1470 546//1470
f 378//1471 706//1471 418//1471
f 379//1472 419//1472 539//1472
f 379//1473 439//1473 419//1473
f 379//1474 513//1474 779//1474
f 379//1475 539//1475 939//1475
f 379//1476 779//1476 439//1476
f 379//1477 939//1477 513//1477
f 380//1478 420//1478 940//1478
f 380//1479 680//1479 420//1479
f 380//1480 940//1480 456//1480
f 381//1481 397//1481 901//1481
f 381//1482 457//1482 397//1482
f 382//1483 542//1483 710//1483
f 383//1484 543//1484 751//1484
f 383//1485 711//1485 887//1485
f 383//1486 751//1486 643//1486
f 383//1487 887//1487 543//1487
f 385//1488 625//1488 793//1488
f 385//1489 793//1489 961//1489
f 385//1490 961//1490 641//1490
f 386//1491 406//1491 781//1491
f 386//1492 578//1492 406//1492
f 386//1493 781//1493 790//1493
f 387//1494 495//1494 739//1494
f 387//1495 571//1495 999//1495
f 387//1496 831//1496 495//1496
f 387//1497 999//1497 831//1497
f 390//1498 780//1498 980//1498
f 390//1499 980//1499 910//1499
f 392//1500 695//1500 856//1500
f 394//1501 746//1501 970//1501
f 394//1502 858//1502 938//1502
f 394//1503 938//1503 410//1503
f 394//1504 970//1504 858//1504
f 395//1505 769//1505 993//1505
f 395//1506 955//1506 563//1506
f 395//1507 993//1507 955//1507
f 396//1508 420//1508 884//1508
f 396//1509 708//1509 420//1509
f 396//1510 860//1510 900//1510
f 396//1511 900//1511 708//1511
f 397//1512 709//1512 901//1512
f 397//1513 997//1513 709//1513
f 399//1514 447//1514 519//1514
f 400//1515 528//1515 824//1515
f 400//1516 536//1516 696//1516
f 400//1517 824//1517 536//1517
f 401//1518 957//1518 669//1518
f 402//1519 554//1519 754//1519
f 402//1520 754//1520 922//1520
f 402//1521 922//1521 470//1521
f 403//1522 923//1522 835//1522
f 404//1523 478//1523 852//1523
f 404//1524 782//1524 478//1524
f 404//1525 798//1525 462//1525
f 404//1526 852//1526 798//1526
f 405//1527 597//1527 853//1527
f 405//1528 733//1528 837//1528
f 405//1529 837//1529 597//1529
f 405//1530 853//1530 877//1530
f 406//1531 578//1531 762//1531
f 406//1532 762//1532 466//1532
f 407//1533 579//1533 927//1533
f 407//1534 867//1534 667//1534
f 407//1535 927//1535 867//1535
f 408//1536 840//1536 544//1536
f 409//1537 433//1537 491//1537
f 409//1538 491//1538 545//1538
f 409//1539 953//1539 433//1539
f 409//1540 974//1540 953//1540
f 410//1541 938//1541 418//1541
f 411//1542 723//1542 507//1542
f 411//1543 955//1543 723//1543
f 412//1544 844//1544 868//1544
f 413//1545 437//1545 441//1545
f 413//1546 729//1546 845//1546
f 413//1547 845//1547 869//1547
f 413//1548 869//1548 437//1548
f 414//1549 564//1549 846//1549
f 414//1550 788//1550 660//1550
f 414//1551 846//1551 788//1551
f 415//1552 959//1552 527//1552
f 417//1553 461//1553 937//1553
f 419//1554 439//1554 527//1554
f 419//1555 527//1555 967//1555
f 420//1556 636//1556 940//1556
f 420//1557 680//1557 884//1557
f 420//1558 708//1558 636//1558
f 422//1559 482//1559 818//1559
f 422//1560 818//1560 886//1560
f 422//1561 866//1561 998//1561
f 422//1562 886//1562 866//1562
f 422//1563 998//1563 482//1563
f 423//1564 831//1564 999//1564
f 424//1565 508//1565 920//1565
f 424//1566 888//1566 508//1566
f 424//1567 920//1567 464//1567
f 426//1568 602//1568 714//1568
f 426//1569 661//1569 890//1569
f 426//1570 890//1570 602//1570
f 427//1571 467//1571 619//1571
f 427//1572 497//1572 801//1572
f 427//1573 531//1573 891//1573
f 427//1574 619//1574 897//1574
f 427//1575 715//1575 531//1575
f 427//1576 801//1576 715//1576
f 427//1577 891//1577 467//1577
f 427//1578 897//1578 497//1578
f 428//1579 484//1579 518//1579
f 429//1580 605//1580 729//1580
f 429//1581 633//1581 821//1581
f 429//1582 645//1582 605//1582
f 430//1583 742//1583 534//1583
f 430//1584 894//1584 742//1584
f 431//1585 967//1585 895//1585
f 432//1586 760//1586 952//1586
f 432//1587 864//1587 760//1587
f 433//1588 721//1588 505//1588
f 433//1589 953//1589 721//1589
f 434//1590 506//1590 522//1590
f 434//1591 522//1591 954//1591
f 435//1592 523//1592 867//1592
f 435//1593 867//1593 615//1593
f 436//1594 684//1594 964//1594
f 437//1595 621//1595 441//1595
f 437//1596 725//1596 621//1596
f 437//1597 869//1597 917//1597
f 437//1598 917//1598 725//1598
f 438//1599 474//1599 870//1599
f 438//1600 526//1600 726//1600
f 438//1601 726//1601 474//1601
f 438//1602 750//1602 526//1602
f 438//1603 870//1603 750//1603
f 440//1604 508//1604 904//1604
f 440//1605 552//1605 508//1605
f 441//1606 621//1606 873//1606
f 442//1607 450//1607 786//1607
f 443//1608 641//1608 961//1608
f 445//1609 617//1609 465//1609
f 445//1610 877//1610 949//1610
f 445//1611 949//1611 617//1611
f 447//1612 807//1612 519//1612
f 448//1613 992//1613 880//1613
f 449//1614 507//1614 723//1614
f 449//1615 723//1615 843//1615
f 449//1616 825//1616 881//1616
f 449//1617 843//1617 825//1617
f 450//1618 674//1618 786//1618
f 450//1619 994//1619 674//1619
f 453//1620 509//1620 677//1620
f 453//1621 677//1621 493//1621
f 453//1622 829//1622 509//1622
f 454//1623 566//1623 942//1623
f 454//1624 942//1624 654//1624
f 455//1625 975//1625 679//1625
f 456//1626 940//1626 652//1626
f 457//1627 793//1627 625//1627
f 458//1628 794//1628 810//1628
f 459//1629 833//1629 571//1629
f 460//1630 744//1630 796//1630
f 460//1631 796//1631 923//1631
f 461//1632 629//1632 937//1632
f 462//1633 556//1633 836//1633
f 462//1634 756//1634 556//1634
f 462//1635 798//1635 756//1635
f 463//1636 799//1636 783//1636
f 464//1637 648//1637 784//1637
f 464//1638 920//1638 648//1638
f 465//1639 993//1639 769//1639
f 466//1640 770//1640 817//1640
f 467//1641 891//1641 987//1641
f 468//1642 596//1642 902//1642
f 468//1643 724//1643 772//1643
f 468//1644 862//1644 724//1644
f 468//1645 902//1645 862//1645
f 469//1646 549//1646 533//1646
f 470//1647 922//1647 514//1647
f 472//1648 776//1648 656//1648
f 474//1649 726//1649 610//1649
f 474//1650 978//1650 870//1650
f 475//1651 499//1651 699//1651
f 475//1652 699//1652 555//1652
f 475//1653 707//1653 727//1653
f 475//1654 727//1654 499//1654
f 476//1655 520//1655 780//1655
f 476//1656 720//1656 520//1656
f 479//1657 607//1657 647//1657
f 479//1658 783//1658 799//1658
f 479//1659 799//1659 607//1659
f 480//1660 712//1660 912//1660
f 480//1661 816//1661 712//1661
f 480//1662 912//1662 544//1662
f 481//1663 947//1663 875//1663
f 482//1664 942//1664 566//1664
f 482//1665 998//1665 942//1665
f 483//1666 943//1666 819//1666
f 486//1667 822//1667 660//1667
f 486//1668 918//1668 822//1668
f 487//1669 647//1669 607//1669
f 487//1670 823//1670 647//1670
f 487//1671 899//1671 823//1671
f 488//1672 648//1672 668//1672
f 488//1673 744//1673 968//1673
f 488//1674 796//1674 744//1674
f 488//1675 968//1675 648//1675
f 489//1676 537//1676 593//1676
f 489//1677 593//1677 573//1677
f 489//1678 741//1678 797//1678
f 490//1679 538//1679 970//1679
f 491//1680 635//1680 545//1680
f 492//1681 620//1681 828//1681
f 492//1682 812//1682 620//1682
f 493//536 597//536 837//536
f 494//1683 758//1683 838//1683
f 495//1684 599//1684 739//1684
f 495//1685 831//1685 567//1685
f 496//1686 800//1686 944//1686
f 496//1687 944//1687 656//1687
f 497//1688 657//1688 801//1688
f 498//1689 562//1689 802//1689
f 498//1690 658//1690 562//1690
f 498//1691 802//1691 778//1691
f 499//1692 727//1692 847//1692
f 499//1693 847//1693 551//1693
f 500//1694 804//1694 516//1694
f 502//1695 662//1695 532//1695
f 503//1696 863//1696 903//1696
f 505//1697 701//1697 849//1697
f 506//1698 690//1698 986//1698
f 508//1699 552//1699 920//1699
f 508//1700 888//1700 904//1700
f 509//1701 713//1701 789//1701
f 509//1702 789//1702 677//1702
f 509//1703 829//1703 889//1703
f 509//1704 889//1704 713//1704
f 511//1705 911//1705 815//1705
f 513//1706 737//1706 779//1706
f 514//1707 774//1707 694//1707
f 514//1708 834//1708 774//1708
f 514//1709 922//1709 834//1709
f 515//1710 583//1710 775//1710
f 515//1711 775//1711 835//1711
f 515//1712 835//1712 923//1712
f 515//1713 923//1713 755//1713
f 516//1714 804//1714 876//1714
f 516//1715 876//1715 924//1715
f 516//1716 924//1716 700//1716
f 521//1717 681//1717 598//1717
f 522//1718 842//1718 954//1718
f 524//1719 651//1719 855//1719
f 524//1720 855//1720 776//1720
f 526//1721 750//1721 766//1721
f 529//1722 587//1722 921//1722
f 530//1723 613//1723 930//1723
f 530//1724 661//1724 805//1724
f 530//1725 805//1725 613//1725
f 530//1726 890//1726 661//1726
f 533//1727 549//1727 773//1727
f 533//1728 773//1728 821//1728
f 534//1729 742//1729 934//1729
f 534//1730 934//1730 898//1730
f 538//1731 858//1731 970//1731
f 539//1732 859//1732 939//1732
f 540//1733 884//1733 680//1733
f 546//1734 594//1734 882//1734
f 546//1735 882//1735 630//1735
f 547//1736 819//1736 791//1736
f 548//1737 772//1737 724//1737
f 552//1738 668//1738 920//1738
f 553//1739 813//1739 581//1739
f 554//1740 610//1740 754//1740
f 555//1741 665//1741 577//1741
f 555//1742 683//1742 889//1742
f 555//1743 699//1743 683//1743
f 556//1744 716//1744 836//1744
f 557//1745 837//1745 733//1745
f 558//1746 601//1746 950//1746
f 558//1747 758//1747 878//1747
f 558//1748 950//1748 758//1748
f 558//1749 961//1749 601//1749
f 559//1750 759//1750 591//1750
f 559//1751 839//1751 951//1751
f 559//1752 951//1752 759//1752
f 559//1753 983//1753 839//1753
f 562//1754 962//1754 802//1754
f 562//1755 982//1755 962//1755
f 565//1756 749//1756 861//1756
f 567//1757 591//1757 879//1757
f 568//1758 624//1758 848//1758
f 568//1759 848//1759 904//1759
f 568//1760 904//1760 888//1760
f 569//1761 905//1761 637//1761
f 570//1762 666//1762 906//1762
f 572//1763 580//1763 616//1763
f 574//1764 854//1764 994//1764
f 575//1765 976//1765 800//1765
f 576//1766 864//1766 688//1766
f 576//1767 984//1767 864//1767
f 577//1768 665//1768 761//1768
f 579//1769 839//1769 983//1769
f 582//1770 774//1770 834//1770
f 584//1771 995//1771 719//1771
f 590//1772 836//1772 820//1772
f 591//1773 759//1773 879//1773
f 594//1774 650//1774 882//1774
f 595//1775 979//1775 883//1775
f 598//1776 626//1776 850//1776
f 598//1777 681//1777 738//1777
f 598//1778 738//1778 626//1778
f 601//1779 961//1779 793//1779
f 602//1780 682//1780 714//1780
f 604//1781 744//1781 628//1781
f 605//1782 765//1782 729//1782
f 606//1783 966//1783 798//1783
f 607//1784 799//1784 631//1784
f 608//1785 704//1785 832//1785
f 608//1786 752//1786 976//1786
f 608//1787 832//1787 752//1787
f 609//1788 753//1788 795//1788
f 609//1789 795//1789 627//1789
f 610//1790 814//1790 754//1790
f 611//1791 835//1791 775//1791
f 612//1792 742//1792 894//1792
f 615//1793 867//1793 927//1793
f 619//1794 673//1794 897//1794
f 629//1795 893//1795 745//1795
f 630//1796 882//1796 910//1796
f 630//1797 910//1797 686//1797
f 631//1798 799//1798 871//1798
f 632//1799 664//1799 784//1799
f 634//1800 674//1800 826//1800
f 634//1801 786//1801 674//1801
f 634//1802 874//1802 786//1802
f 636//1803 996//1803 940//1803
f 640//1804 960//1804 792//1804
f 644//1805 878//1805 806//1805
f 648//1806 920//1806 668//1806
f 648//1807 968//1807 784//1807
f 651//1808 755//1808 923//1808
f 651//1809 923//1809 796//1809
f 652//1810 940//1810 996//1810
f 653//1811 905//1811 809//1811
f 655//1812 791//1812 819//1812
f 655//1813 819//1813 943//1813
f 659//1814 803//1814 919//1814
f 665//1815 985//1815 761//1815
f 666//1816 885//1816 906//1816
f 667//1817 705//1817 811//1817
f 683//1818 713//1818 889//1818
f 683//1819 929//1819 713//1819
f 684//1820 820//1820 908//1820
f 684//1821 908//1821 964//1821
f 686//1822 910//1822 980//1822
f 687//1823 815//1823 911//1823
f 691//1824 759//1824 951//1824
f 691//1825 763//1825 771//1825
f 691//1826 771//1826 759//1826
f 693//1827 813//1827 933//1827
f 697//1828 977//1828 777//1828
f 700//1829 924//1829 808//1829
f 702//1830 830//1830 926//1830
f 711//1831 963//1831 887//1831
f 712//1832 816//1832 960//1832
f 716//1833 820//1833 836//1833
f 716//1834 908//1834 820//1834
f 717//1835 949//1835 853//1835
f 718//1836 774//1836 990//1836
f 722//1837 802//1837 962//1837
f 722//1838 866//1838 886//1838
f 722//1839 886//1839 802//1839
f 722//1840 914//1840 866//1840
f 722//1841 962//1841 982//1841
f 722//1842 982//1842 914//1842
f 723//1843 955//1843 993//1843
f 723//1844 993//1844 843//1844
f 729//1845 765//1845 845//1845
f 730//1846 970//1846 746//1846
f 731//1847 779//1847 737//1847
f 731//1848 875//1848 947//1848
f 736//1849 832//1849 928//1849
f 741//1850 965//1850 797//1850
f 756//1851 798//1851 966//1851
f 758//1852 950//1852 838//1852
f 759//1853 771//1853 879//1853
f 760//1854 864//1854 984//1854
f 763//1855 931//1855 771//1855
f 768//1856 880//1856 992//1856
f 768//1857 896//1857 880//1857
f 768//1858 992//1858 832//1858
f 778//1859 802//1859 818//1859
f 785//1860 881//1860 969//1860
f 802//1861 886//1861 818//1861
f 804//1862 948//1862 876//1862
f 825//1863 843//1863 993//1863
f 853//1864 949//1864 877//1864
f 859//1865 865//1865 939//1865
f 859//1866 913//1866 865//1866
f 885//1867 981//1867 906//1867
f 887//1868 963//1868 919//1868
f 547//1869 243//1869 1000//1869
f 243//1870 663//1870 1000//1870
f 663//1871 503//1871 1000//1871
f 503//1872 903//1872 1000//1872
f 903//1873 343//1873 1000//1873
f 343//1874 483//1874 1000//1874
f 483//1875 819//1875 1000//1875
f 819//1876 547//1876 1000//1876
f 69//1877 781//1877 205//1877
f 69//1878 205//1878 749//1878
f 501//1879 69//1879 749//1879
f 501//1880 749//1880 565//1880
f 501//1881 565//1881 309//1881
f 501//1882 309//1882 757//1882
f 501//1883 757//1883 213//1883
f 892//1884 28//1884 1001//1884
f 28//1885 168//1885 1001//1885
f 168//1886 252//1886 1001//1886
f 252//1887 932//1887 1001//1887
f 932//1888 372//1888 1001//1888
f 372//1889 302//1889 1001//1889
f 302//1890 518//1890 1001//1890
f 518//1891 158//1891 1001//1891
f 158//1892 484//1892 1001//1892
f 484//1893 892//1893 1001//1893
f 83//1894 27//1894 1002//1894
f 27//1895 65//1895 1002//1895
f 65//1896 657//1896 1002//1896
f 657//1897 337//1897 1002//1897
f 337//1898 673//1898 1002//1898
f 673//1899 267//1899 1002//1899
f 267//1900 987//1900 1002//1900
f 987//1901 83//1901 1002//1901
f 169//1902 29//1902 1003//1902
f 29//1903 633//1903 1003//1903
f 633//1904 209//1904 1003//1904
f 209//1905 441//1905 1003//1905
f 441//1906 873//1906 1003//1906
f 873//1907 989//1907 1003//1907
f 989//1908 253//1908 1003//1908
f 253//1909 169//1909 1003//1909
f 127//1910 959//1910 191//1910
f 895//1911 127//1911 191//1911
f 719//1912 895//1912 191//1912
f 719//1913 191//1913 103//1913
f 584//1914 719//1914 103//1914
f 584//1915 103//1915 936//1915
f 584//1916 936//1916 131//1916
f 995//1917 584//1917 131//1917
